Time,WOPR:INJ1,WOPR:PROD1,WOPR:PROD2,WOPR:PROD3,WOPR:PROD4,WWPR:INJ1,WWPR:PROD1,WWPR:PROD2,WWPR:PROD3,WWPR:PROD4,WLPR:INJ1,WLPR:PROD1,WLPR:PROD2,WLPR:PROD3,WLPR:PROD4,WGPR:INJ1,WGPR:PROD1,WGPR:PROD2,WGPR:PROD3,WGPR:PROD4,WWIR:INJ1,WWIR:PROD1,WWIR:PROD2,WWIR:PROD3,WWIR:PROD4,WGOR:INJ1,WGOR:PROD1,WGOR:PROD2,WGOR:PROD3,WGOR:PROD4,WBHP:INJ1,WBHP:PROD1,WBHP:PROD2,WBHP:PROD3,WBHP:PROD4,WOPT:INJ1,WOPT:PROD1,WOPT:PROD2,WOPT:PROD3,WOPT:PROD4,WWPT:INJ1,WWPT:PROD1,WWPT:PROD2,WWPT:PROD3,WWPT:PROD4,WLPT:INJ1,WLPT:PROD1,WLPT:PROD2,WLPT:PROD3,WLPT:PROD4,WGPT:INJ1,WGPT:PROD1,WGPT:PROD2,WGPT:PROD3,WGPT:PROD4,WWIT:INJ1,WWIT:PROD1,WWIT:PROD2,WWIT:PROD3,WWIT:PROD4,FOPT,FWPT,FLPT,FGPT,FWIT
2019-09-02,-0.0,19996.29296875,19996.3671875,19996.328125,19996.26953125,-0.0,2.7237680114922114e-05,2.723758007050492e-05,2.723752913880162e-05,2.723770376178436e-05,-0.0,19996.29296875,19996.3671875,19996.328125,19996.26953125,-0.0,24624.71484375,24624.65625,24624.7109375,24624.740234375,40335.5390625,0.0,0.0,0.0,0.0,0.0,1.2314640283584595,1.2314563989639282,1.2314616441726685,1.2314667701721191,9014.0,1449.586181640625,1449.5841064453125,1449.5892333984375,1449.587890625,0.0,19996.29296875,19996.3671875,19996.328125,19996.26953125,0.0,2.7237680114922114e-05,2.723758007050492e-05,2.723752913880162e-05,2.723770376178436e-05,0.0,19996.29296875,19996.3671875,19996.328125,19996.26953125,0.0,24624.71484375,24624.65625,24624.7109375,24624.740234375,40335.5390625,0.0,0.0,0.0,0.0,79985.2578125,0.00010895049490500242,79985.2578125,98498.8203125,40335.5390625
2019-09-03,-0.0,19999.99609375,19999.998046875,19999.998046875,19999.998046875,-0.0,3.6818259104620665e-05,3.681840462377295e-05,3.6818095395574346e-05,3.681812813738361e-05,-0.0,19999.99609375,19999.998046875,19999.998046875,19999.998046875,-0.0,27826.291015625,27826.36328125,27826.2109375,27826.224609375,36640.87890625,0.0,0.0,0.0,0.0,0.0,1.3913148641586304,1.3913183212280273,1.391310691833496,1.3913114070892334,9014.0,1062.402587890625,1062.3956298828125,1062.410400390625,1062.4088134765625,0.0,39996.2890625,39996.3671875,39996.32421875,39996.265625,0.0,6.405593740055338e-05,6.405598833225667e-05,6.405562453437597e-05,6.405583553714678e-05,0.0,39996.2890625,39996.3671875,39996.32421875,39996.265625,0.0,52451.0078125,52451.01953125,52450.921875,52450.96484375,76976.4140625,0.0,0.0,0.0,0.0,159985.25,0.00025622337125241756,159985.25,209803.90625,76976.4140625
2019-09-04,-0.0,16977.9921875,16977.94921875,16978.041015625,16978.041015625,-0.0,4.072627052664757e-05,4.072630326845683e-05,4.072623050888069e-05,4.072623050888069e-05,-0.0,16977.9921875,16977.94921875,16978.041015625,16978.041015625,-0.0,28033.912109375,28033.904296875,28033.921875,28033.91796875,34919.3359375,0.0,0.0,0.0,0.0,0.0,1.6511913537979126,1.6511949300765991,1.6511870622634888,1.6511868238449097,9014.0,1000.0,1000.0,1000.0,1000.0,0.0,56974.28125,56974.31640625,56974.3671875,56974.30859375,0.0,0.00010478220792720094,0.0001047822879627347,0.00010478185140527785,0.00010478206240804866,0.0,56974.28125,56974.31640625,56974.3671875,56974.30859375,0.0,80484.921875,80484.921875,80484.84375,80484.8828125,111895.75,0.0,0.0,0.0,0.0,227897.265625,0.0004191284242551774,227897.265625,321939.5625,111895.75
2019-09-05,-0.0,14752.6083984375,14752.58203125,14752.658203125,14752.6689453125,-0.0,4.2474344809306785e-05,4.247436663717963e-05,4.247431206749752e-05,4.2474308429518715e-05,-0.0,14752.6083984375,14752.58203125,14752.658203125,14752.6689453125,-0.0,27229.328125,27229.314453125,27229.33984375,27229.33203125,33340.3125,0.0,0.0,0.0,0.0,0.0,1.8457298278808594,1.8457320928573608,1.84572434425354,1.8457224369049072,9014.0,1000.0,1000.0,1000.0,1000.0,0.0,71726.890625,71726.8984375,71727.0234375,71726.9765625,0.0,0.00014725654909852892,0.00014725665096193552,0.00014725617074873298,0.00014725637447554618,0.0,71726.890625,71726.8984375,71727.0234375,71726.9765625,0.0,107714.25,107714.234375,107714.1796875,107714.2109375,145236.0625,0.0,0.0,0.0,0.0,286907.78125,0.0005890257307328284,286907.78125,430856.875,145236.0625
2019-09-06,-0.0,13351.5673828125,13351.130859375,13342.9130859375,13350.9716796875,-0.0,4.348520451458171e-05,4.348539005150087e-05,4.348886068328284e-05,4.3485422793310136e-05,-0.0,13351.5673828125,13351.130859375,13342.9130859375,13350.9716796875,-0.0,26260.9609375,26261.005859375,26261.962890625,26261.15234375,27587.4609375,0.0,0.0,0.0,0.0,0.0,1.9668822288513184,1.9669498205184937,1.9682331085205078,1.9669842720031738,9014.0,1000.0,1000.0,1000.0,1000.0,0.0,85078.453125,85078.03125,85069.9375,85077.9453125,0.0,0.00019074176088906825,0.00019074203737545758,0.0001907450205180794,0.0001907417899928987,0.0,85078.453125,85078.03125,85069.9375,85077.9453125,0.0,133975.203125,133975.25,133976.140625,133975.359375,172823.53125,0.0,0.0,0.0,0.0,340304.375,0.0007629706524312496,340304.375,535901.9375,172823.53125
2019-09-07,-0.0,12475.7255859375,12475.3369140625,12462.8095703125,12475.22265625,-0.0,4.4072196033084765e-05,4.407233791425824e-05,4.4076925405533984e-05,4.407235246617347e-05,-0.0,12475.7255859375,12475.3369140625,12462.8095703125,12475.22265625,-0.0,25236.953125,25236.921875,25235.763671875,25237.03125,22800.830078125,0.0,0.0,0.0,0.0,0.0,2.0228846073150635,2.0229451656341553,2.024885654449463,2.022972345352173,9014.0,1000.0,1000.0,1000.0,1000.0,0.0,97554.1796875,97553.3671875,97532.75,97553.171875,0.0,0.0002348139532841742,0.00023481437528971583,0.0002348219568375498,0.0002348141570109874,0.0,97554.1796875,97553.3671875,97532.75,97553.171875,0.0,159212.15625,159212.171875,159211.90625,159212.390625,195624.359375,0.0,0.0,0.0,0.0,390193.46875,0.000939264427870512,390193.46875,636848.625,195624.359375
2019-09-08,-0.0,11905.7685546875,11905.4267578125,11891.9833984375,11905.33984375,-0.0,4.4422984501579776e-05,4.442308272700757e-05,4.442702265805565e-05,4.442309364094399e-05,-0.0,11905.7685546875,11905.4267578125,11891.9833984375,11905.33984375,-0.0,24220.61328125,24220.52734375,24217.29296875,24220.609375,18303.974609375,0.0,0.0,0.0,0.0,0.0,2.0343594551086426,2.0344107151031494,2.036438465118408,2.0344324111938477,9014.0,1000.0,1000.0,1000.0,1000.0,0.0,109459.953125,109458.7890625,109424.7265625,109458.5078125,0.0,0.0002792369341477752,0.0002792374580167234,0.00027924898313358426,0.0002792372542899102,0.0,109459.953125,109458.7890625,109424.7265625,109458.5078125,0.0,183432.78125,183432.6875,183429.203125,183433.0,213928.328125,0.0,0.0,0.0,0.0,437801.96875,0.0011169606586918235,437801.96875,733727.6875,213928.328125
2019-09-09,-0.0,11532.7587890625,11532.4580078125,11518.908203125,11532.38671875,-0.0,4.462662764126435e-05,4.462669312488288e-05,4.463005097932182e-05,4.462670040084049e-05,-0.0,11532.7587890625,11532.4580078125,11518.908203125,11532.38671875,-0.0,23272.28125,23272.181640625,23263.638671875,23272.2421875,14689.5166015625,0.0,0.0,0.0,0.0,0.0,2.0179283618927,2.017972469329834,2.019604444503784,2.0179901123046875,9014.0,1000.0,1000.0,1000.0,1000.0,0.0,120992.7109375,120991.25,120943.640625,120990.8984375,0.0,0.0003238635545130819,0.0003238641656935215,0.0003238790377508849,0.00032386393286287785,0.0,120992.7109375,120991.25,120943.640625,120990.8984375,0.0,206705.0625,206704.875,206692.84375,206705.25,228617.84375,0.0,0.0,0.0,0.0,483918.5,0.001295470749028027,483918.5,826808.0,228617.84375
2019-09-10,-0.0,11238.9521484375,11238.6767578125,11224.947265625,11238.6181640625,-0.0,4.474813977140002e-05,4.47481797891669e-05,4.475074092624709e-05,4.4748183427145705e-05,-0.0,11238.9521484375,11238.6767578125,11224.947265625,11238.6181640625,-0.0,22381.34765625,22381.228515625,22365.884765625,22381.267578125,12074.6630859375,0.0,0.0,0.0,0.0,0.0,1.9914088249206543,1.9914469718933105,1.9925156831741333,1.9914608001708984,9014.0,1000.0,1000.0,1000.0,1000.0,0.0,132231.65625,132229.921875,132168.578125,132229.515625,0.0,0.00036861171247437596,0.00036861232365481555,0.00036862975684925914,0.00036861211992800236,0.0,132231.65625,132229.921875,132168.578125,132229.515625,0.0,229086.40625,229086.109375,229058.71875,229086.515625,240692.515625,0.0,0.0,0.0,0.0,528859.6875,0.0014744659420102835,528859.6875,916317.75,240692.515625
2019-09-11,-0.0,11053.16796875,11052.93359375,11041.5341796875,11052.8896484375,-0.0,4.480388088268228e-05,4.4803899072576314e-05,4.480517964111641e-05,4.4803899072576314e-05,-0.0,11053.16796875,11052.93359375,11041.5341796875,11052.8896484375,-0.0,21597.80078125,21597.6796875,21577.443359375,21597.70703125,10941.62109375,0.0,0.0,0.0,0.0,0.0,1.9539918899536133,1.9540224075317383,1.9542070627212524,1.9540326595306396,9014.0,1000.0,1000.0,1000.0,1000.0,0.0,143284.828125,143282.859375,143210.125,143282.40625,0.0,0.0004134155751671642,0.0004134162445552647,0.0004134349583182484,0.00041341601172462106,0.0,143284.828125,143282.859375,143210.125,143282.40625,0.0,250684.203125,250683.78125,250636.171875,250684.21875,251634.125,0.0,0.0,0.0,0.0,573060.1875,0.0016536827897652984,573060.1875,1002688.375,251634.125
2019-09-12,-0.0,10937.91015625,10937.7216796875,10929.1064453125,10937.6533203125,-0.0,4.482239091885276e-05,4.482239455683157e-05,4.482260919758119e-05,4.482239455683157e-05,-0.0,10937.91015625,10937.7216796875,10929.1064453125,10937.6533203125,-0.0,20914.25,20914.10546875,20890.013671875,20914.095703125,9894.4619140625,0.0,0.0,0.0,0.0,0.0,1.912088394165039,1.912108063697815,1.9114108085632324,1.9121190309524536,9014.0,1000.0,1000.0,1000.0,1000.0,0.0,154222.734375,154220.578125,154139.21875,154220.0625,0.0,0.0004582379769999534,0.00045823861728422344,0.00045825756387785077,0.00045823841355741024,0.0,154222.734375,154220.578125,154139.21875,154220.0625,0.0,271598.46875,271597.875,271526.1875,271598.3125,261528.59375,0.0,0.0,0.0,0.0,616802.625,0.0018329726299270988,616802.625,1086320.875,261528.59375
2019-09-13,-0.0,10865.9853515625,10865.802734375,10860.017578125,10865.7265625,-0.0,4.48200516984798e-05,4.482004442252219e-05,4.481944415601902e-05,4.482004078454338e-05,-0.0,10865.9853515625,10865.802734375,10860.017578125,10865.7265625,-0.0,20318.443359375,20318.310546875,20291.28515625,20318.30078125,8933.439453125,0.0,0.0,0.0,0.0,0.0,1.8699125051498413,1.8699318170547485,1.8684395551681519,1.8699439764022827,9014.0,1000.0,1000.0,1000.0,1000.0,0.0,165088.71875,165086.390625,164999.25,165085.78125,0.0,0.0005030580214224756,0.0005030586617067456,0.0005030769971199334,0.0005030584870837629,0.0,165088.71875,165086.390625,164999.25,165085.78125,0.0,291916.90625,291916.1875,291817.46875,291916.625,270462.03125,0.0,0.0,0.0,0.0,660260.125,0.0020122521091252565,660260.125,1167567.25,270462.03125
2019-09-14,-0.0,10813.6015625,10813.41015625,10810.7939453125,10813.3212890625,-0.0,4.4805674406234175e-05,4.480565621634014e-05,4.480449206312187e-05,4.4805648940382525e-05,-0.0,10813.6015625,10813.41015625,10810.7939453125,10813.3212890625,-0.0,19801.740234375,19801.623046875,19772.392578125,19801.61328125,8055.673828125,0.0,0.0,0.0,0.0,0.0,1.8311883211135864,1.8312097787857056,1.8289490938186646,1.831223964691162,9014.0,1000.0,1000.0,1000.0,1000.0,0.0,175902.328125,175899.796875,175810.03125,175899.109375,0.0,0.0005478637176565826,0.0005478643579408526,0.0005478814709931612,0.000547864125110209,0.0,175902.328125,175899.796875,175810.03125,175899.109375,0.0,311718.625,311717.8125,311589.875,311718.21875,278517.71875,0.0,0.0,0.0,0.0,703511.25,0.0021914737299084663,703511.25,1246744.5,278517.71875
2019-09-15,-0.0,10760.32421875,10760.126953125,10762.26953125,10760.0283203125,-0.0,4.4783570047002286e-05,4.478354821912944e-05,4.478206756175496e-05,4.478353730519302e-05,-0.0,10760.32421875,10760.1279296875,10762.26953125,10760.0283203125,-0.0,19364.279296875,19364.185546875,19330.8125,19364.181640625,7269.39990234375,0.0,0.0,0.0,0.0,0.0,1.7996001243591309,1.7996240854263306,1.7961652278900146,1.799640417098999,9014.0,1000.0,1000.0,1000.0,1000.0,0.0,186662.65625,186659.921875,186572.3125,186659.140625,0.0,0.0005926472949795425,0.0005926478770561516,0.0005926635349169374,0.000592647644225508,0.0,186662.65625,186659.921875,186572.3125,186659.140625,0.0,331082.90625,331082.0,330920.6875,331082.40625,285787.09375,0.0,0.0,0.0,0.0,746554.0,0.0023706064093858004,746554.0,1324168.0,285787.09375
2019-09-16,-0.0,10703.666015625,10703.4658203125,10709.576171875,10703.3583984375,-0.0,4.475632886169478e-05,4.4756299757864326e-05,4.475470268516801e-05,4.47562852059491e-05,-0.0,10703.666015625,10703.466796875,10709.5771484375,10703.3583984375,-0.0,18994.1640625,18994.087890625,18957.833984375,18994.09375,6728.68408203125,0.0,0.0,0.0,0.0,0.0,1.7745475769042969,1.774573564529419,1.7701759338378906,1.7745918035507202,9014.0,1000.0,1000.0,1000.0,1000.0,0.0,197366.3125,197363.390625,197281.890625,197362.5,0.0,0.0006374036311171949,0.0006374041549861431,0.0006374182412400842,0.0006374039221554995,0.0,197366.3125,197363.390625,197281.890625,197362.5,0.0,350077.09375,350076.09375,349878.5,350076.5,292515.78125,0.0,0.0,0.0,0.0,789374.0625,0.0025496298912912607,789374.0625,1400108.25,292515.78125
2019-09-17,-0.0,10645.6455078125,10645.46484375,10654.8759765625,10645.3720703125,-0.0,4.4725740735884756e-05,4.472570799407549e-05,4.472413638723083e-05,4.4725693442160264e-05,-0.0,10645.6455078125,10645.46484375,10654.8759765625,10645.3720703125,-0.0,18676.474609375,18676.390625,18638.345703125,18676.380859375,6223.1376953125,0.0,0.0,0.0,0.0,0.0,1.754376769065857,1.7543988227844238,1.7492785453796387,1.75441312789917,9014.0,1000.0,1000.0,1000.0,1000.0,0.0,208011.96875,208008.859375,207936.765625,208007.859375,0.0,0.0006821293500252068,0.000682129873894155,0.0006821423885412514,0.0006821296410635114,0.0,208011.96875,208008.859375,207936.765625,208007.859375,0.0,368753.5625,368752.5,368516.84375,368752.875,298738.9375,0.0,0.0,0.0,0.0,831965.4375,0.002728531137108803,831965.4375,1474775.75,298738.9375
2019-09-18,-0.0,10587.0849609375,10586.91015625,10599.0,10586.81640625,-0.0,4.469296254683286e-05,4.469292252906598e-05,4.469148188945837e-05,4.469290797715075e-05,-0.0,10587.0849609375,10586.91015625,10599.0,10586.81640625,-0.0,18400.259765625,18400.181640625,18361.21875,18400.171875,5751.57958984375,0.0,0.0,0.0,0.0,0.0,1.7379910945892334,1.7380125522613525,1.732353925704956,1.7380268573760986,9014.0,1000.0,1000.0,1000.0,1000.0,0.0,218599.046875,218595.765625,218535.765625,218594.6875,0.0,0.0007268222980201244,0.0007268228218890727,0.0007268338813446462,0.0007268225308507681,0.0,218599.046875,218595.765625,218535.765625,218594.6875,0.0,387153.8125,387152.65625,386878.0625,387153.0625,304490.5,0.0,0.0,0.0,0.0,874325.25,0.0029073015321046114,874325.25,1548337.625,304490.5
2019-09-19,-0.0,10528.205078125,10528.037109375,10542.2412109375,10527.9462890625,-0.0,4.465868551051244e-05,4.465864549274556e-05,4.465740130399354e-05,4.465862366487272e-05,-0.0,10528.205078125,10528.037109375,10542.2412109375,10527.9462890625,-0.0,18157.388671875,18157.3125,18118.12109375,18157.30078125,5312.564453125,0.0,0.0,0.0,0.0,0.0,1.7246423959732056,1.7246626615524292,1.7186214923858643,1.7246763706207275,9014.0,1000.0,1000.0,1000.0,1000.0,0.0,229127.25,229123.796875,229078.0,229122.625,0.0,0.000771481019910425,0.0007714814273640513,0.0007714912644587457,0.0007714811363257468,0.0,229127.25,229123.796875,229078.0,229122.625,0.0,405311.21875,405309.96875,404996.1875,405310.375,309803.0625,0.0,0.0,0.0,0.0,916451.6875,0.003085934789851308,916451.6875,1620927.75,309803.0625
2019-09-20,-0.0,10468.8310546875,10468.671875,10484.4892578125,10468.583984375,-0.0,4.4623266148846596e-05,4.462322249310091e-05,4.462222568690777e-05,4.4623204303206876e-05,-0.0,10468.83203125,10468.671875,10484.4892578125,10468.5849609375,-0.0,17941.55859375,17941.484375,17902.599609375,17941.466796875,4904.44677734375,0.0,0.0,0.0,0.0,0.0,1.713807225227356,1.7138261795043945,1.7075319290161133,1.7138389348983765,9014.0,1000.0,1000.0,1000.0,1000.0,0.0,239596.078125,239592.46875,239562.484375,239591.21875,0.0,0.0008161042351275682,0.0008161047007888556,0.0008161134901456535,0.0008161043515428901,0.0,239596.078125,239592.46875,239562.484375,239591.21875,0.0,423252.75,423251.46875,422898.8125,423251.8125,314707.53125,0.0,0.0,0.0,0.0,958342.25,0.0032644267193973064,958342.25,1692654.875,314707.53125
2019-09-21,-0.0,10408.8369140625,10408.685546875,10425.6865234375,10408.6025390625,-0.0,4.4586879084818065e-05,4.458683542907238e-05,4.458610055735335e-05,4.458681360119954e-05,-0.0,10408.8369140625,10408.685546875,10425.6865234375,10408.6025390625,-0.0,17747.748046875,17747.671875,17709.5078125,17747.65234375,4525.4990234375,0.0,0.0,0.0,0.0,0.0,1.705065369606018,1.7050830125808716,1.6986418962478638,1.705094575881958,9014.0,1000.0,1000.0,1000.0,1000.0,0.0,250004.921875,250001.15625,249988.171875,249999.8125,0.0,0.0008606911287643015,0.000860691478010267,0.0008606996270827949,0.0008606911869719625,0.0,250004.921875,250001.15625,249988.171875,249999.8125,0.0,441000.5,440999.125,440608.3125,440999.46875,319233.03125,0.0,0.0,0.0,0.0,999994.0625,0.003442773362621665,999994.0625,1763607.375,319233.03125
2019-09-22,-0.0,10348.2470703125,10348.1044921875,10365.9228515625,10348.02734375,-0.0,4.4549604353960603e-05,4.454955706023611e-05,4.454909867490642e-05,4.454953523236327e-05,-0.0,10348.2470703125,10348.1044921875,10365.9228515625,10348.02734375,-0.0,17571.890625,17571.814453125,17534.67578125,17571.791015625,4173.98046875,0.0,0.0,0.0,0.0,0.0,1.6980546712875366,1.698070764541626,1.691569209098816,1.6980812549591064,9014.0,1000.0,1000.0,1000.0,1000.0,0.0,260353.171875,260349.265625,260354.09375,260347.84375,0.0,0.0009052407112903893,0.0009052410605363548,0.0009052486857399344,0.0009052407112903893,0.0,260353.171875,260349.265625,260354.09375,260347.84375,0.0,458572.40625,458570.96875,458142.96875,458571.28125,323407.0,0.0,0.0,0.0,0.0,1041404.375,0.0036209712270647287,1041404.375,1833857.625,323407.0
2019-09-23,-0.0,10287.236328125,10287.1015625,10305.4306640625,10287.029296875,-0.0,4.4511485612019897e-05,4.4511438318295404e-05,4.451125278137624e-05,4.4511412852443755e-05,-0.0,10287.236328125,10287.1015625,10305.4306640625,10287.0302734375,-0.0,17410.673828125,17410.595703125,17374.708984375,17410.5703125,3848.1806640625,0.0,0.0,0.0,0.0,0.0,1.6924539804458618,1.692468523979187,1.6859760284423828,1.692477822303772,9014.0,1000.0,1000.0,1000.0,1000.0,0.0,270640.40625,270636.375,270659.53125,270634.875,0.0,0.0009497522260062397,0.0009497525170445442,0.0009497599676251411,0.0009497521095909178,0.0,270640.40625,270636.375,270659.53125,270634.875,0.0,475983.0625,475981.5625,475517.6875,475981.84375,327255.1875,0.0,0.0,0.0,0.0,1082571.125,0.003799016820266843,1082571.125,1903464.125,327255.1875
2019-09-24,-0.0,10226.45703125,10226.318359375,10244.912109375,10226.24609375,-0.0,4.447263927431777e-05,4.447259198059328e-05,4.447267565410584e-05,4.447256651474163e-05,-0.0,10226.4580078125,10226.318359375,10244.912109375,10226.24609375,-0.0,17261.216796875,17261.150390625,17226.669921875,17261.134765625,3546.44482421875,0.0,0.0,0.0,0.0,0.0,1.6878979206085205,1.6879143714904785,1.6814852952957153,1.687924861907959,9014.0,1000.0,1000.0,1000.0,1000.0,0.0,280866.875,280862.6875,280904.4375,280861.125,0.0,0.0009942249162122607,0.0009942250326275826,0.0009942325996235013,0.000994224683381617,0.0,280866.875,280862.6875,280904.4375,280861.125,0.0,493244.28125,493242.6875,492744.375,493242.96875,330801.625,0.0,0.0,0.0,0.0,1123495.125,0.00397690711542964,1123495.125,1972474.375,330801.625
2019-09-25,-0.0,10166.93359375,10166.80078125,10185.4580078125,10166.724609375,-0.0,4.443330180947669e-05,4.443325087777339e-05,4.443358920980245e-05,4.443322541192174e-05,-0.0,10166.93359375,10166.80078125,10185.4580078125,10166.724609375,-0.0,17121.10546875,17121.03515625,17088.05859375,17121.021484375,3314.81494140625,0.0,0.0,0.0,0.0,0.0,1.6839988231658936,1.684014081954956,1.6776916980743408,1.6840254068374634,9014.0,1000.0,1000.0,1000.0,1000.0,0.0,291033.78125,291029.46875,291089.90625,291027.84375,0.0,0.0010386581998318434,0.0010386583162471652,0.0010386662324890494,0.0010386579670011997,0.0,291033.78125,291029.5,291089.90625,291027.84375,0.0,510365.40625,510363.75,509832.40625,510364.0,334116.4375,0.0,0.0,0.0,0.0,1164181.0,0.004154640715569258,1164181.0,2040925.5,334116.4375
2019-09-26,-0.0,10109.423828125,10109.2998046875,10127.8603515625,10109.2255859375,-0.0,4.439368785824627e-05,4.439363328856416e-05,4.4394215365173295e-05,4.439360782271251e-05,-0.0,10109.423828125,10109.2998046875,10127.8603515625,10109.2255859375,-0.0,16988.5,16988.42578125,16957.013671875,16988.408203125,3147.90478515625,0.0,0.0,0.0,0.0,0.0,1.6804616451263428,1.6804749965667725,1.6742937564849854,1.680485486984253,9014.0,1000.0,1000.0,1000.0,1000.0,0.0,301143.21875,301138.78125,301217.75,301137.0625,0.0,0.0010830519022420049,0.0010830520186573267,0.0010830604005604982,0.0010830515529960394,0.0,301143.21875,301138.78125,301217.75,301137.0625,0.0,527353.875,527352.1875,526789.4375,527352.375,337264.34375,0.0,0.0,0.0,0.0,1204636.875,0.004332215990871191,1204636.875,2108848.0,337264.34375
2019-09-27,-0.0,10054.75390625,10054.63671875,10072.9697265625,10054.56640625,-0.0,4.435411392478272e-05,4.4354062993079424e-05,4.435486698639579e-05,4.435403388924897e-05,-0.0,10054.75390625,10054.63671875,10072.9697265625,10054.56640625,-0.0,16862.1484375,16862.0703125,16832.25,16862.048828125,2988.568115234375,0.0,0.0,0.0,0.0,0.0,1.677032470703125,1.677044153213501,1.6710314750671387,1.6770538091659546,9014.0,1000.0,1000.0,1000.0,1000.0,0.0,311197.96875,311193.40625,311290.71875,311191.625,0.0,0.0011274059070274234,0.0011274060234427452,0.0011274153366684914,0.001127405557781458,0.0,311197.96875,311193.4375,311290.71875,311191.625,0.0,544216.0625,544214.25,543621.6875,544214.4375,340252.90625,0.0,0.0,0.0,0.0,1244873.75,0.00450963294133544,1244873.75,2176266.5,340252.90625
2019-09-28,-0.0,10003.2841796875,10003.1748046875,10021.171875,10003.1083984375,-0.0,4.431482739164494e-05,4.4314772821962833e-05,4.4315784180071205e-05,4.4314747356111184e-05,-0.0,10003.2841796875,10003.1748046875,10021.171875,10003.1083984375,-0.0,16741.248046875,16741.16796875,16712.94140625,16741.142578125,2836.5810546875,0.0,0.0,0.0,0.0,0.0,1.6735751628875732,1.6735854148864746,1.667763113975525,1.6735941171646118,9014.0,1000.0,1000.0,1000.0,1000.0,0.0,321201.25,321196.59375,321311.90625,321194.75,0.0,0.001171720796264708,0.001171720796264708,0.0011717310408130288,0.0011717203306034207,0.0,321201.25,321196.59375,321311.90625,321194.75,0.0,560957.3125,560955.375,560334.625,560955.625,343089.5,0.0,0.0,0.0,0.0,1284904.5,0.004686892963945866,1284904.5,2243203.0,343089.5
2019-09-29,-0.0,9954.982421875,9954.880859375,9972.45703125,9954.8173828125,-0.0,4.4275966502027586e-05,4.427591193234548e-05,4.427710882737301e-05,4.427588282851502e-05,-0.0,9954.9833984375,9954.880859375,9972.45703125,9954.8173828125,-0.0,16625.27734375,16625.197265625,16598.546875,16625.16796875,2691.7119140625,0.0,0.0,0.0,0.0,0.0,1.6700458526611328,1.6700547933578491,1.664439082145691,1.67006254196167,9014.0,1000.0,1000.0,1000.0,1000.0,0.0,331156.25,331151.46875,331284.375,331149.5625,0.0,0.0012159968027845025,0.0012159966863691807,0.0012160082114860415,0.0012159962207078934,0.0,331156.25,331151.46875,331284.375,331149.5625,0.0,577582.5625,577580.625,576933.1875,577580.75,345781.21875,0.0,0.0,0.0,0.0,1324741.625,0.004863997921347618,1324741.625,2309677.0,345781.21875
2019-09-30,-0.0,9909.619140625,9909.5224609375,9926.611328125,9909.4638671875,-0.0,4.4237600377528e-05,4.423754580784589e-05,4.423890641191974e-05,4.423752034199424e-05,-0.0,9909.619140625,9909.5234375,9926.611328125,9909.4638671875,-0.0,16513.876953125,16513.79296875,16488.689453125,16513.76171875,2553.717529296875,0.0,0.0,0.0,0.0,0.0,1.6664491891860962,1.666456937789917,1.6610592603683472,1.6664637327194214,9014.0,1000.0,1000.0,1000.0,1000.0,0.0,341065.84375,341061.0,341210.96875,341059.03125,0.0,0.001260234392248094,0.0012602342758327723,0.0012602470815181732,0.0012602336937561631,0.0,341065.875,341061.0,341210.96875,341059.03125,0.0,594096.4375,594094.375,593421.875,594094.5,348334.9375,0.0,0.0,0.0,0.0,1364396.875,0.005040949210524559,1364396.875,2375707.25,348334.9375
2019-10-01,-0.0,9866.8349609375,9866.744140625,9883.294921875,9866.6884765625,-0.0,4.4199739932082593e-05,4.4199689000379294e-05,4.420119148562662e-05,4.419965989654884e-05,-0.0,9866.8349609375,9866.744140625,9883.294921875,9866.6884765625,-0.0,16406.78515625,16406.701171875,16383.1025390625,16406.66796875,2422.34619140625,0.0,0.0,0.0,0.0,0.0,1.6628214120864868,1.6628282070159912,1.657655954360962,1.6628342866897583,9014.0,1000.0,1000.0,1000.0,1000.0,0.0,350932.6875,350927.75,351094.28125,350925.71875,0.0,0.001304434146732092,0.0013044339139014482,0.0013044483494013548,0.0013044333318248391,0.0,350932.6875,350927.75,351094.28125,350925.71875,0.0,610503.25,610501.0625,609804.9375,610501.1875,350757.28125,0.0,0.0,0.0,0.0,1403880.375,0.005217749625444412,1403880.375,2441310.5,350757.28125
2019-10-02,-0.0,9826.27734375,9826.1923828125,9842.1689453125,9826.1396484375,-0.0,4.416238880367018e-05,4.4162337871966884e-05,4.4163964048493654e-05,4.416230876813643e-05,-0.0,9826.27734375,9826.1923828125,9842.1689453125,9826.1396484375,-0.0,16303.818359375,16303.7353515625,16281.5908203125,16303.69921875,2297.340576171875,0.0,0.0,0.0,0.0,0.0,1.6592059135437012,1.6592118740081787,1.6542686223983765,1.659217119216919,9014.0,1000.0,1000.0,1000.0,1000.0,0.0,360758.96875,360753.9375,360936.4375,360751.84375,0.0,0.0013485965318977833,0.0013485962990671396,0.00134861224796623,0.0013485957169905305,0.0,360758.96875,360753.9375,360936.4375,360751.84375,0.0,626807.0625,626804.8125,626086.5625,626804.875,353054.625,0.0,0.0,0.0,0.0,1443201.25,0.00539440056309104,1443201.25,2506503.25,353054.625
2019-10-03,-0.0,9787.634765625,9787.5537109375,9802.9306640625,9787.5048828125,-0.0,4.412552516441792e-05,4.412547423271462e-05,4.41272059106268e-05,4.4125448766862974e-05,-0.0,9787.634765625,9787.5537109375,9802.931640625,9787.5048828125,-0.0,16204.8017578125,16204.71875,16183.97265625,16204.681640625,2178.4423828125,0.0,0.0,0.0,0.0,0.0,1.6556401252746582,1.6556453704833984,1.65093195438385,1.6556499004364014,9014.0,1000.0,1000.0,1000.0,1000.0,0.0,370546.59375,370541.5,370739.375,370539.34375,0.0,0.0013927220134064555,0.0013927217805758119,0.0013927394757047296,0.001392721082083881,0.0,370546.59375,370541.5,370739.375,370539.34375,0.0,643011.875,643009.5625,642270.5,643009.5625,355233.0625,0.0,0.0,0.0,0.0,1482366.875,0.005570904351770878,1482366.875,2571301.5,355233.0625
2019-10-04,-0.0,9750.5869140625,9750.509765625,9765.2744140625,9750.4638671875,-0.0,4.4089119910495356e-05,4.4089068978792056e-05,4.409089160617441e-05,4.408904351294041e-05,-0.0,9750.5869140625,9750.5107421875,9765.275390625,9750.46484375,-0.0,16109.5732421875,16109.4912109375,16090.083984375,16109.453125,2065.39501953125,0.0,0.0,0.0,0.0,0.0,1.6521644592285156,1.6521689891815186,1.6476837396621704,1.6521729230880737,9014.0,1000.0,1000.0,1000.0,1000.0,0.0,380297.1875,380292.0,380504.65625,380289.8125,0.0,0.0014368111733347178,0.0014368108240887523,0.0014368303818628192,0.0014368101255968213,0.0,380297.1875,380292.0,380504.65625,380289.8125,0.0,659121.4375,659119.0625,658360.625,659119.0,357298.4375,0.0,0.0,0.0,0.0,1521383.625,0.005747262388467789,1521383.625,2635720.0,357298.4375
2019-10-05,-0.0,9714.8671875,9714.7939453125,9728.9384765625,9714.7509765625,-0.0,4.405314030009322e-05,4.405308936838992e-05,4.405498111736961e-05,4.405306026455946e-05,-0.0,9714.8671875,9714.7939453125,9728.9384765625,9714.7509765625,-0.0,16017.98046875,16017.8994140625,15999.76953125,16017.8603515625,1957.94580078125,0.0,0.0,0.0,0.0,0.0,1.6488111019134521,1.6488151550292969,1.6445544958114624,1.6488184928894043,9014.0,1000.0,1000.0,1000.0,1000.0,0.0,390012.0625,390006.78125,390233.59375,390004.5625,0.0,0.0014808642445132136,0.0014808638952672482,0.0014808853156864643,0.0014808631967753172,0.0,390012.0625,390006.78125,390233.59375,390004.5625,0.0,675139.375,675136.9375,674360.375,675136.875,359256.40625,0.0,0.0,0.0,0.0,1560257.0,0.0059234765358269215,1560257.0,2699773.5,359256.40625
2019-10-06,-0.0,9680.2783203125,9680.2080078125,9693.732421875,9680.1669921875,-0.0,4.401755359140225e-05,4.4017506297677755e-05,4.401945261633955e-05,4.40174771938473e-05,-0.0,9680.2783203125,9680.2080078125,9693.732421875,9680.1669921875,-0.0,15929.8583984375,15929.7783203125,15912.86328125,15929.7392578125,1855.847900390625,0.0,0.0,0.0,0.0,0.0,1.645599365234375,1.6456029415130615,1.6415619850158691,1.6456058025360107,9014.0,1000.0,1000.0,1000.0,1000.0,0.0,399692.34375,399687.0,399927.3125,399684.75,0.0,0.0015248818090185523,0.0015248814597725868,0.0015249047428369522,0.001524880644865334,0.0,399692.34375,399687.0,399927.3125,399684.75,0.0,691069.25,691066.6875,690273.25,691066.625,361112.25,0.0,0.0,0.0,0.0,1598991.375,0.006099548656493425,1598991.375,2763475.75,361112.25
2019-10-07,-0.0,9646.7177734375,9646.6494140625,9659.55859375,9646.609375,-0.0,4.398235978442244e-05,4.398231249069795e-05,4.3984306103084236e-05,4.39822870248463e-05,-0.0,9646.7177734375,9646.6494140625,9659.55859375,9646.609375,-0.0,15844.998046875,15844.921875,15829.158203125,15844.8857421875,1758.860595703125,0.0,0.0,0.0,0.0,0.0,1.6425273418426514,1.6425312757492065,1.6387040615081787,1.6425342559814453,9014.0,1000.0,1000.0,1000.0,1000.0,0.0,409339.0625,409333.65625,409586.875,409331.34375,0.0,0.0015688642160966992,0.001568863750435412,0.0015688891289755702,0.0015688629355281591,0.0,409339.0625,409333.65625,409586.875,409331.34375,0.0,706914.25,706911.625,706102.375,706911.5,362871.09375,0.0,0.0,0.0,0.0,1637590.875,0.006275480147451162,1637590.875,2826839.75,362871.09375
2019-10-08,-0.0,9614.220703125,9614.154296875,9626.4580078125,9614.1162109375,-0.0,4.3947595258941874e-05,4.394754796521738e-05,4.394957431941293e-05,4.3947518861386925e-05,-0.0,9614.220703125,9614.154296875,9626.4580078125,9614.1162109375,-0.0,15763.16015625,15763.0849609375,15748.4091796875,15763.048828125,1666.75048828125,0.0,0.0,0.0,0.0,0.0,1.6395671367645264,1.6395704746246338,1.6359504461288452,1.639573335647583,9014.0,1000.0,1000.0,1000.0,1000.0,0.0,418953.28125,418947.8125,419213.34375,418945.46875,0.0,0.00161281181499362,0.0016128113493323326,0.001612838706932962,0.0016128105344250798,0.0,418953.28125,418947.8125,419213.34375,418945.46875,0.0,722677.4375,722674.75,721850.8125,722674.5625,364537.84375,0.0,0.0,0.0,0.0,1676059.875,0.006451272405683994,1676059.875,2889877.5,364537.84375
2019-10-09,-0.0,9582.853515625,9582.791015625,9594.49609375,9582.7470703125,-0.0,4.391330003272742e-05,4.391325273900293e-05,4.3915297283092514e-05,4.391322363517247e-05,-0.0,9582.853515625,9582.791015625,9594.49609375,9582.7470703125,-0.0,15684.09375,15684.0185546875,15670.373046875,15683.9853515625,1579.2919921875,0.0,0.0,0.0,0.0,0.0,1.6366831064224243,1.636685848236084,1.6332669258117676,1.6366900205612183,9014.0,1000.0,1000.0,1000.0,1000.0,0.0,428536.125,428530.59375,428807.8125,428528.21875,0.0,0.0016567250713706017,0.0016567244892939925,0.0016567539423704147,0.0016567236743867397,0.0,428536.125,428530.59375,428807.8125,428528.21875,0.0,738361.5,738358.75,737521.1875,738358.5625,366117.15625,0.0,0.0,0.0,0.0,1714402.75,0.0066269272938370705,1714402.75,2952600.0,366117.15625
2019-10-10,-0.0,9552.6923828125,9552.6337890625,9563.7470703125,9552.576171875,-0.0,4.387952867546119e-05,4.3879481381736696e-05,4.3881533201783895e-05,4.3879445001948625e-05,-0.0,9552.6923828125,9552.6337890625,9563.748046875,9552.576171875,-0.0,15607.5732421875,15607.498046875,15594.826171875,15607.4716796875,1496.267578125,0.0,0.0,0.0,0.0,0.0,1.6338402032852173,1.6338424682617188,1.6306188106536865,1.6338496208190918,9014.0,1000.0,1000.0,1000.0,1000.0,0.0,438088.8125,438083.21875,438371.5625,438080.78125,0.0,0.0017006045673042536,0.0017006039852276444,0.0017006355337798595,0.0017006031703203917,0.0,438088.8125,438083.21875,438371.5625,438080.78125,0.0,753969.0625,753966.25,753116.0,753966.0,367613.40625,0.0,0.0,0.0,0.0,1752624.375,0.006802447140216827,1752624.375,3015017.25,367613.40625
2019-10-11,-0.0,9523.79296875,9523.73828125,9534.2705078125,9523.66015625,-0.0,4.3846321204910055e-05,4.384627391118556e-05,4.3848322093253955e-05,4.3846233893418685e-05,-0.0,9523.79296875,9523.73828125,9534.2705078125,9523.66015625,-0.0,15533.4052734375,15533.330078125,15521.5771484375,15533.314453125,1417.4678955078125,0.0,0.0,0.0,0.0,0.0,1.6310102939605713,1.631011962890625,1.6279774904251099,1.631023645401001,9014.0,1000.0,1000.0,1000.0,1000.0,0.0,447612.625,447606.96875,447905.84375,447604.4375,0.0,0.0017444508848711848,0.0017444503027945757,0.0017444838304072618,0.001744449371472001,0.0,447612.625,447606.96875,447905.84375,447604.4375,0.0,769502.5,769499.5625,768637.5625,769499.3125,369030.875,0.0,0.0,0.0,0.0,1790729.875,0.006977834273129702,1790729.875,3077139.0,369030.875
2019-10-12,-0.0,9496.1826171875,9496.130859375,9506.0947265625,9496.0263671875,-0.0,4.38137176388409e-05,4.3813673983095214e-05,4.381570397526957e-05,4.381361941341311e-05,-0.0,9496.1826171875,9496.130859375,9506.0947265625,9496.0263671875,-0.0,15461.4384765625,15461.3642578125,15450.4765625,15461.3603515625,1342.6915283203125,0.0,0.0,0.0,0.0,0.0,1.628174066543579,1.628175139427185,1.6253232955932617,1.628192663192749,9014.0,1000.0,1000.0,1000.0,1000.0,0.0,457108.8125,457103.09375,457411.9375,457100.46875,0.0,0.0017882646061480045,0.0017882640240713954,0.0017882995307445526,0.001788262976333499,0.0,457108.8125,457103.09375,457411.9375,457100.46875,0.0,784963.9375,784960.9375,784088.0625,784960.6875,370373.5625,0.0,0.0,0.0,0.0,1828724.25,0.00715309102088213,1828724.375,3138973.5,370373.5625
2019-10-13,-0.0,9469.8291015625,9469.7802734375,9479.1923828125,9469.646484375,-0.0,4.3781736167147756e-05,4.378169251140207e-05,4.3783700675703585e-05,4.378162702778354e-05,-0.0,9469.8291015625,9469.7802734375,9479.1923828125,9469.646484375,-0.0,15391.55859375,15391.4853515625,15381.41015625,15391.4931640625,1271.7452392578125,0.0,0.0,0.0,0.0,0.0,1.6253259181976318,1.6253265142440796,1.622649908065796,1.6253503561019897,9014.0,1000.0,1000.0,1000.0,1000.0,0.0,466578.625,466572.875,466891.125,466570.125,0.0,0.0018320464296266437,0.0018320456147193909,0.001832083216868341,0.0018320446833968163,0.0,466578.625,466572.875,466891.125,466570.125,0.0,800355.5,800352.4375,799469.5,800352.1875,371645.3125,0.0,0.0,0.0,0.0,1866612.75,0.007328220177441835,1866612.75,3200529.5,371645.3125
2019-10-14,-0.0,9444.6611328125,9444.6162109375,9453.4951171875,9444.4521484375,-0.0,4.375037315185182e-05,4.375033313408494e-05,4.375230855657719e-05,4.3750253098551184e-05,-0.0,9444.6611328125,9444.6162109375,9453.4951171875,9444.4521484375,-0.0,15323.6796875,15323.6064453125,15314.29296875,15323.626953125,1204.4439697265625,0.0,0.0,0.0,0.0,0.0,1.6224699020385742,1.6224701404571533,1.619960904121399,1.6225003004074097,9014.0,1000.0,1000.0,1000.0,1000.0,0.0,476023.28125,476017.5,476344.625,476014.5625,0.0,0.0018757968209683895,0.0018757960060611367,0.0018758355872705579,0.0018757949583232403,0.0,476023.28125,476017.5,476344.625,476014.5625,0.0,815679.1875,815676.0,814783.75,815675.8125,372849.75,0.0,0.0,0.0,0.0,1904400.0,0.007503223139792681,1904400.0,3261814.75,372849.75
2019-10-15,-0.0,9420.583984375,9420.5419921875,9428.91015625,9420.349609375,-0.0,4.371961404103786e-05,4.371957402327098e-05,4.372151306597516e-05,4.37194830738008e-05,-0.0,9420.5849609375,9420.5419921875,9428.91015625,9420.349609375,-0.0,15257.7314453125,15257.6591796875,15249.0576171875,15257.6904296875,1140.6102294921875,0.0,0.0,0.0,0.0,0.0,1.6196162700653076,1.6196160316467285,1.6172661781311035,1.619652271270752,9014.0,1000.0,1000.0,1000.0,1000.0,0.0,485443.875,485438.03125,485773.53125,485434.9375,0.0,0.0019195163622498512,0.0019195155473425984,0.0019195571076124907,0.0019195143831893802,0.0,485443.875,485438.03125,485773.53125,485434.9375,0.0,830936.875,830933.6875,830032.8125,830933.5,373990.375,0.0,0.0,0.0,0.0,1942090.375,0.007678103167563677,1942090.375,3322837.0,373990.375
2019-10-16,-0.0,9397.505859375,9397.4658203125,9405.3466796875,9397.2470703125,-0.0,4.368944064481184e-05,4.368940062704496e-05,4.369129965198226e-05,4.3689295125659555e-05,-0.0,9397.505859375,9397.4658203125,9405.34765625,9397.2470703125,-0.0,15193.6474609375,15193.576171875,15185.6396484375,15193.6162109375,1080.07421875,0.0,0.0,0.0,0.0,0.0,1.616774320602417,1.6167737245559692,1.6145751476287842,1.6168155670166016,9014.0,1000.0,1000.0,1000.0,1000.0,0.0,494841.375,494835.5,495178.875,494832.15625,0.0,0.0019632058683782816,0.001963204937055707,0.0019632482435554266,0.0019632037729024887,0.0,494841.375,494835.5,495178.875,494832.15625,0.0,846130.5625,846127.25,845218.4375,846127.125,375070.4375,0.0,0.0,0.0,0.0,1979687.875,0.00785286258906126,1979688.0,3383603.5,375070.4375
2019-10-17,-0.0,9375.3515625,9375.3134765625,9382.73046875,9375.0712890625,-0.0,4.3659834773279727e-05,4.365979475551285e-05,4.3661650124704465e-05,4.365967834019102e-05,-0.0,9375.3515625,9375.3134765625,9382.73046875,9375.0712890625,-0.0,15131.35546875,15131.2861328125,15123.96875,15131.33203125,1022.6734619140625,0.0,0.0,0.0,0.0,0.0,1.6139507293701172,1.6139498949050903,1.6118942499160767,1.6139965057373047,9014.0,1000.0,1000.0,1000.0,1000.0,0.0,504216.71875,504210.8125,504561.625,504207.25,0.0,0.0020068655721843243,0.0020068648736923933,0.002006910042837262,0.0020068634767085314,0.0,504216.71875,504210.8125,504561.625,504207.25,0.0,861261.875,861258.5625,860342.4375,861258.4375,376093.125,0.0,0.0,0.0,0.0,2017196.375,0.008027504198253155,2017196.375,3444121.25,376093.125
2019-10-18,-0.0,9353.9853515625,9353.9482421875,9360.9267578125,9353.6865234375,-0.0,4.3630752770695835e-05,4.363071275292896e-05,4.363252446637489e-05,4.363058542367071e-05,-0.0,9353.9853515625,9353.9482421875,9360.9267578125,9353.6865234375,-0.0,15070.81640625,15070.748046875,15064.0078125,15070.798828125,968.2529296875,0.0,0.0,0.0,0.0,0.0,1.611165165901184,1.6111643314361572,1.6092432737350464,1.6112148761749268,9014.0,1000.0,1000.0,1000.0,1000.0,0.0,513570.71875,513564.75,513922.53125,513560.9375,0.0,0.002050496404990554,0.0020504954736679792,0.0020505425054579973,0.0020504938438534737,0.0,513570.71875,513564.75,513922.53125,513560.9375,0.0,876332.75,876329.3125,875406.4375,876329.25,377061.375,0.0,0.0,0.0,0.0,2054619.0,0.008202028460800648,2054619.0,3504397.75,377061.375
2019-10-19,-0.0,9333.3583984375,9333.322265625,9339.8837890625,9333.0439453125,-0.0,4.360219099908136e-05,4.360215098131448e-05,4.360391540103592e-05,4.360201637609862e-05,-0.0,9333.3583984375,9333.322265625,9339.8837890625,9333.0439453125,-0.0,15011.9873046875,15011.9208984375,15005.716796875,15011.974609375,916.6642456054688,0.0,0.0,0.0,0.0,0.0,1.6084229946136475,1.608422040939331,1.6066277027130127,1.6084758043289185,9014.0,1000.0,1000.0,1000.0,1000.0,0.0,522904.0625,522898.09375,523262.4375,522893.96875,0.0,0.002094098599627614,0.0020940976683050394,0.002094146329909563,0.002094096038490534,0.0,522904.0625,522898.09375,523262.4375,522893.96875,0.0,891344.6875,891341.1875,890412.125,891341.25,377978.03125,0.0,0.0,0.0,0.0,2091958.5,0.008376438170671463,2091958.625,3564439.25,377978.03125
2019-10-20,-0.0,9313.4208984375,9313.38671875,9319.5556640625,9313.0947265625,-0.0,4.357414582045749e-05,4.357410580269061e-05,4.357582292868756e-05,4.357396028353833e-05,-0.0,9313.4208984375,9313.38671875,9319.5556640625,9313.0947265625,-0.0,14954.828125,14954.7626953125,14949.0576171875,14954.8173828125,867.7660522460938,0.0,0.0,0.0,0.0,0.0,1.6057287454605103,1.6057276725769043,1.6040526628494263,1.6057838201522827,9014.0,1000.0,1000.0,1000.0,1000.0,0.0,532217.5,532211.5,532582.0,532207.0625,0.0,0.0021376728545874357,0.0021376716904342175,0.0021377222146838903,0.0021376698277890682,0.0,532217.5,532211.5,532582.0,532207.0625,0.0,906299.5625,906296.0,905361.1875,906296.0625,378845.8125,0.0,0.0,0.0,0.0,2129218.0,0.008550737053155899,2129218.0,3624252.75,378845.8125
2019-10-21,-0.0,9294.1171875,9294.083984375,9299.880859375,9293.7822265625,-0.0,4.3546602682909e-05,4.354656266514212e-05,4.3548232497414574e-05,4.354640987003222e-05,-0.0,9294.1171875,9294.083984375,9299.880859375,9293.7822265625,-0.0,14899.2978515625,14899.2333984375,14893.9912109375,14899.2880859375,821.42333984375,0.0,0.0,0.0,0.0,0.0,1.6030890941619873,1.6030880212783813,1.6015249490737915,1.6031458377838135,9014.0,1000.0,1000.0,1000.0,1000.0,0.0,541511.625,541505.5625,541881.875,541500.875,0.0,0.0021812194027006626,0.0021812182385474443,0.002181270392611623,0.002181216375902295,0.0,541511.625,541505.5625,541881.875,541500.875,0.0,921198.8125,921195.1875,920255.1875,921195.3125,379667.21875,0.0,0.0,0.0,0.0,2166400.0,0.008724924176931381,2166400.0,3683844.5,379667.21875
2019-10-22,-0.0,9275.376953125,9275.3447265625,9280.7919921875,9275.0361328125,-0.0,4.3519536120584235e-05,4.3519499740796164e-05,4.3521122279344127e-05,4.351933966972865e-05,-0.0,9275.376953125,9275.345703125,9280.7919921875,9275.0361328125,-0.0,14845.35546875,14845.29296875,14840.4794921875,14845.3447265625,812.3097534179688,0.0,0.0,0.0,0.0,0.0,1.6005122661590576,1.600511074066162,1.599053144454956,1.6005699634552002,9014.0,1000.0,1000.0,1000.0,1000.0,0.0,550787.0,550780.875,551162.625,550775.875,0.0,0.0022247389424592257,0.0022247377783060074,0.0022247915621846914,0.0022247356828302145,0.0,550787.0,550780.875,551162.625,550775.875,0.0,936044.1875,936040.5,935095.6875,936040.6875,380479.53125,0.0,0.0,0.0,0.0,2203506.5,0.008899004198610783,2203506.5,3743221.0,380479.53125
2019-10-23,-0.0,9257.1318359375,9257.1005859375,9262.216796875,9256.787109375,-0.0,4.3492927943589166e-05,4.3492891563801095e-05,4.349446317064576e-05,4.3492727854754776e-05,-0.0,9257.1318359375,9257.1005859375,9262.216796875,9256.787109375,-0.0,14792.958984375,14792.8984375,14788.484375,14792.947265625,805.4517211914062,0.0,0.0,0.0,0.0,0.0,1.5980068445205688,1.5980056524276733,1.5966464281082153,1.5980650186538696,9014.0,1000.0,1000.0,1000.0,1000.0,0.0,560044.125,560038.0,560424.875,560032.6875,0.0,0.0022682317066937685,0.002268230775371194,0.0022682861890643835,0.0022682284470647573,0.0,560044.125,560038.0,560424.875,560032.6875,0.0,950837.125,950833.375,949884.1875,950833.625,381285.0,0.0,0.0,0.0,0.0,2240539.75,0.009072977118194103,2240539.75,3802388.25,381285.0
2019-10-24,-0.0,9239.3076171875,9239.27734375,9244.08203125,9238.9609375,-0.0,4.346674177213572e-05,4.346670539234765e-05,4.346822970546782e-05,4.3466534407343715e-05,-0.0,9239.3076171875,9239.27734375,9244.08203125,9238.9609375,-0.0,14742.068359375,14742.0087890625,14737.96484375,14742.0537109375,798.6324462890625,0.0,0.0,0.0,0.0,0.0,1.5955815315246582,1.5955803394317627,1.5943135023117065,1.595639705657959,9014.0,1000.0,1000.0,1000.0,1000.0,0.0,569283.4375,569277.25,569668.9375,569271.625,0.0,0.0023116986267268658,0.0023116974625736475,0.002311754273250699,0.0023116949014365673,0.0,569283.4375,569277.25,569668.9375,569271.625,0.0,965579.1875,965575.4375,964622.125,965575.6875,382083.625,0.0,0.0,0.0,0.0,2277501.25,0.009246844798326492,2277501.25,3861352.5,382083.625
2019-10-25,-0.0,9221.837890625,9221.8076171875,9226.3203125,9221.4912109375,-0.0,4.344094486441463e-05,4.344090848462656e-05,4.344238550402224e-05,4.344073749962263e-05,-0.0,9221.837890625,9221.8076171875,9226.3203125,9221.4912109375,-0.0,14692.6376953125,14692.5791015625,14688.87890625,14692.619140625,791.8512573242188,0.0,0.0,0.0,0.0,0.0,1.593243956565857,1.5932427644729614,1.5920625925064087,1.5933018922805786,9014.0,1000.0,1000.0,1000.0,1000.0,0.0,578505.25,578499.0625,578895.25,578493.125,0.0,0.002355139469727874,0.0023551383055746555,0.0023551967460662127,0.0023551357444375753,0.0,578505.25,578499.0625,578895.25,578493.125,0.0,980271.875,980268.0,979311.0,980268.3125,382875.46875,0.0,0.0,0.0,0.0,2314392.75,0.009420610032975674,2314392.75,3920119.25,382875.46875
2019-10-26,-0.0,9204.6279296875,9204.5986328125,9208.8359375,9204.28125,-0.0,4.341549356468022e-05,4.3415460822870955e-05,4.341689054854214e-05,4.341528256190941e-05,-0.0,9204.6279296875,9204.5986328125,9208.8359375,9204.28125,-0.0,14644.6337890625,14644.5771484375,14641.1953125,14644.6123046875,785.10791015625,0.0,0.0,0.0,0.0,0.0,1.5910077095031738,1.5910066366195679,1.5899072885513306,1.5910651683807373,9014.0,1000.0,1000.0,1000.0,1000.0,0.0,587709.875,587703.6875,588104.125,587697.375,0.0,0.0023985549341887236,0.0023985537700355053,0.0023986136075109243,0.0023985509760677814,0.0,587709.875,587703.6875,588104.125,587697.4375,0.0,994916.5,994912.5625,993952.1875,994912.9375,383660.59375,0.0,0.0,0.0,0.0,2351215.0,0.009594273753464222,2351215.0,3978694.25,383660.59375
2019-10-27,-0.0,9187.5927734375,9187.5634765625,9191.54296875,9187.2490234375,-0.0,4.3390344217186794e-05,4.339030783739872e-05,4.3391693907324225e-05,4.3390129576437175e-05,-0.0,9187.5927734375,9187.5634765625,9191.54296875,9187.2490234375,-0.0,14598.01953125,14597.9638671875,14594.876953125,14597.994140625,778.4027709960938,0.0,0.0,0.0,0.0,0.0,1.5888839960098267,1.5888830423355103,1.5878592729568481,1.5889407396316528,9014.0,1000.0,1000.0,1000.0,1000.0,0.0,596897.5,596891.25,597295.625,596884.625,0.0,0.0024419452529400587,0.0024419440887868404,0.0024420053232461214,0.002441941061988473,0.0,596897.5,596891.25,597295.625,596884.625,0.0,1009514.5,1009510.5,1008547.0625,1009510.875,384438.96875,0.0,0.0,0.0,0.0,2387969.0,0.009767835959792137,2387969.0,4037083.0,384438.96875
2019-10-28,-0.0,9170.6962890625,9170.66796875,9174.404296875,9170.35546875,-0.0,4.336547135608271e-05,4.336543497629464e-05,4.3366777390474454e-05,4.336525671533309e-05,-0.0,9170.6962890625,9170.66796875,9174.404296875,9170.35546875,-0.0,14552.7470703125,14552.693359375,14549.8798828125,14552.7177734375,771.736328125,0.0,0.0,0.0,0.0,0.0,1.5868748426437378,1.5868738889694214,1.585921049118042,1.5869306325912476,9014.0,1000.0,1000.0,1000.0,1000.0,0.0,606068.1875,606061.9375,606470.0625,606055.0,0.0,0.0024853108916431665,0.0024853094946593046,0.0024853721261024475,0.0024853062350302935,0.0,606068.1875,606061.9375,606470.0625,606055.0,0.0,1024067.25,1024063.25,1023096.9375,1024063.625,385210.71875,0.0,0.0,0.0,0.0,2424655.25,0.009941298514604568,2424655.25,4095291.0,385210.71875
2019-10-29,-0.0,9153.912109375,9153.8837890625,9157.3916015625,9153.5751953125,-0.0,4.334086042945273e-05,4.334082404966466e-05,4.334212280809879e-05,4.334064215072431e-05,-0.0,9153.9130859375,9153.8837890625,9157.3916015625,9153.5751953125,-0.0,14508.7705078125,14508.7177734375,14506.158203125,14508.736328125,765.1092529296875,0.0,0.0,0.0,0.0,0.0,1.5849802494049072,1.5849794149398804,1.5840928554534912,1.585034966468811,9014.0,1000.0,1000.0,1000.0,1000.0,0.0,615222.125,615215.8125,615627.4375,615208.5625,0.0,0.0025286516174674034,0.0025286502204835415,0.0025287142489105463,0.0025286469608545303,0.0,615222.125,615215.8125,615627.4375,615208.5625,0.0,1038576.0,1038571.9375,1037603.125,1038572.375,385975.8125,0.0,0.0,0.0,0.0,2461274.0,0.010114663280546665,2461274.0,4153323.5,385975.8125
2019-10-30,-0.0,9137.212890625,9137.1845703125,9140.4765625,9136.8798828125,-0.0,4.331648597144522e-05,4.3316453229635954e-05,4.3317704694345593e-05,4.331626769271679e-05,-0.0,9137.212890625,9137.1845703125,9140.4765625,9136.8798828125,-0.0,14466.0400390625,14465.9892578125,14463.6650390625,14466.001953125,758.522216796875,0.0,0.0,0.0,0.0,0.0,1.5832005739212036,1.5831998586654663,1.5823752880096436,1.5832539796829224,9014.0,1000.0,1000.0,1000.0,1000.0,0.0,624359.3125,624353.0,624767.9375,624345.4375,0.0,0.0025719681289047003,0.0025719667319208384,0.0025720319245010614,0.0025719632394611835,0.0,624359.3125,624353.0,624767.9375,624345.4375,0.0,1053042.125,1053037.875,1052066.75,1053038.375,386734.34375,0.0,0.0,0.0,0.0,2497825.75,0.010287930257618427,2497825.75,4211185.0,386734.34375
2019-10-31,-0.0,9120.57421875,9120.546875,9123.6357421875,9120.2470703125,-0.0,4.3292333430144936e-05,4.329230068833567e-05,4.3293512135278434e-05,4.329211515141651e-05,-0.0,9120.57421875,9120.546875,9123.6357421875,9120.2470703125,-0.0,14424.5048828125,14424.455078125,14422.34765625,14424.4609375,751.9758911132812,0.0,0.0,0.0,0.0,0.0,1.581534743309021,1.5815340280532837,1.5807676315307617,1.5815867185592651,9014.0,1000.0,1000.0,1000.0,1000.0,0.0,633479.875,633473.5625,633891.5625,633465.6875,0.0,0.002615260425955057,0.0026152590289711952,0.0026153253857046366,0.0026152553036808968,0.0,633479.875,633473.5625,633891.5625,633465.6875,0.0,1067466.625,1067462.375,1066489.125,1067462.875,387486.3125,0.0,0.0,0.0,0.0,2534310.75,0.01046110037714243,2534310.75,4268881.0,387486.3125
2019-11-01,-0.0,9103.984375,9103.9560546875,9106.85546875,9103.662109375,-0.0,4.326838461565785e-05,4.326835187384859e-05,4.326952330302447e-05,4.3268166336929426e-05,-0.0,9103.984375,9103.9560546875,9106.85546875,9103.662109375,-0.0,14384.109375,14384.060546875,14382.1552734375,14384.060546875,745.4710083007812,0.0,0.0,0.0,0.0,0.0,1.5799795389175415,1.5799790620803833,1.579266905784607,1.580030083656311,9014.0,1000.0,1000.0,1000.0,1000.0,0.0,642583.875,642577.5,642998.4375,642569.375,0.0,0.0026585289742797613,0.0026585273444652557,0.0026585948653519154,0.0026585236191749573,0.0,642583.875,642577.5,642998.4375,642569.375,0.0,1081850.625,1081846.5,1080871.25,1081846.875,388231.78125,0.0,0.0,0.0,0.0,2570729.25,0.010634174570441246,2570729.25,4326415.5,388231.78125
2019-11-02,-0.0,9087.4404296875,9087.4130859375,9090.1328125,9087.125,-0.0,4.324463225202635e-05,4.324459587223828e-05,4.3245727283647284e-05,4.3244413973297924e-05,-0.0,9087.4404296875,9087.4130859375,9090.1328125,9087.125,-0.0,14344.7939453125,14344.74609375,14343.0283203125,14344.7412109375,739.0082397460938,0.0,0.0,0.0,0.0,0.0,1.5785295963287354,1.5785292387008667,1.577867865562439,1.5785785913467407,9014.0,1000.0,1000.0,1000.0,1000.0,0.0,651671.3125,651664.875,652088.5625,651656.5,0.0,0.002701773541048169,0.002701772144064307,0.0027018405962735415,0.0027017679531127214,0.0,651671.3125,651664.875,652088.5625,651656.5,0.0,1096195.5,1096191.25,1095214.375,1096191.625,388970.8125,0.0,0.0,0.0,0.0,2607081.25,0.010807153768837452,2607081.25,4383792.5,388970.8125
2019-11-03,-0.0,9070.9580078125,9070.9306640625,9073.4814453125,9070.6484375,-0.0,4.322106542531401e-05,4.3221032683504745e-05,4.322212771512568e-05,4.322085078456439e-05,-0.0,9070.9580078125,9070.9306640625,9073.4814453125,9070.6484375,-0.0,14306.498046875,14306.451171875,14304.90625,14306.439453125,732.5881958007812,0.0,0.0,0.0,0.0,0.0,1.5771760940551758,1.5771757364273071,1.5765620470046997,1.577223539352417,9014.0,1000.0,1000.0,1000.0,1000.0,0.0,660742.25,660735.8125,661162.0,660727.125,0.0,0.002744994591921568,0.0027449929621070623,0.0027450628113001585,0.0027449887711554766,0.0,660742.25,660735.8125,661162.0,660727.125,0.0,1110502.0,1110497.625,1109519.25,1110498.125,389703.40625,0.0,0.0,0.0,0.0,2643367.25,0.010980038903653622,2643367.25,4441017.0,389703.40625
2019-11-04,-0.0,9054.556640625,9054.529296875,9056.921875,9054.25390625,-0.0,4.3197691411478445e-05,4.319765866966918e-05,4.319871368352324e-05,4.3197476770728827e-05,-0.0,9054.556640625,9054.529296875,9056.921875,9054.25390625,-0.0,14269.1572265625,14269.111328125,14267.7265625,14269.0947265625,726.2113647460938,0.0,0.0,0.0,0.0,0.0,1.57590913772583,1.5759087800979614,1.5753395557403564,1.5759546756744385,9014.0,1000.0,1000.0,1000.0,1000.0,0.0,669796.8125,669790.375,670218.9375,669781.375,0.0,0.0027881923597306013,0.0027881907299160957,0.0027882615104317665,0.0027881863061338663,0.0,669796.8125,669790.375,670218.9375,669781.375,0.0,1124771.125,1124766.75,1123787.0,1124767.125,390429.59375,0.0,0.0,0.0,0.0,2679587.5,0.01115283090621233,2679587.5,4498092.0,390429.59375
2019-11-05,-0.0,9038.2626953125,9038.2353515625,9040.478515625,9037.9677734375,-0.0,4.3174513848498464e-05,4.31744811066892e-05,4.3175499740755185e-05,4.3174299207748845e-05,-0.0,9038.2626953125,9038.2353515625,9040.478515625,9037.9677734375,-0.0,14232.7119140625,14232.6669921875,14231.4296875,14232.6435546875,719.8782958984375,0.0,0.0,0.0,0.0,0.0,1.5747177600860596,1.5747175216674805,1.5741899013519287,1.5747615098953247,9014.0,1000.0,1000.0,1000.0,1000.0,0.0,678835.0625,678828.625,679259.4375,678819.375,0.0,0.0028313668444752693,0.0028313652146607637,0.002831436926499009,0.0028313605580478907,0.0,678835.0625,678828.625,679259.4375,678819.375,0.0,1139003.875,1138999.375,1138018.375,1138999.75,391149.46875,0.0,0.0,0.0,0.0,2715742.5,0.011325529776513577,2715742.5,4555021.5,391149.46875
2019-11-06,-0.0,9022.10546875,9022.078125,9024.181640625,9021.818359375,-0.0,4.315153637435287e-05,4.315150363254361e-05,4.315248952480033e-05,4.315132537158206e-05,-0.0,9022.10546875,9022.078125,9024.181640625,9021.818359375,-0.0,14197.1015625,14197.0576171875,14195.9580078125,14197.0283203125,713.5894775390625,0.0,0.0,0.0,0.0,0.0,1.5735907554626465,1.573590636253357,1.5731018781661987,1.5736327171325684,9014.0,1000.0,1000.0,1000.0,1000.0,0.0,687857.1875,687850.6875,688283.625,687841.1875,0.0,0.0028745182789862156,0.00287451664917171,0.0028745895251631737,0.002874511992558837,0.0,687857.1875,687850.6875,688283.625,687841.1875,0.0,1153201.0,1153196.5,1152214.375,1153196.875,391863.0625,0.0,0.0,0.0,0.0,2751832.75,0.011498136445879936,2751832.75,4611808.5,391863.0625
2019-11-07,-0.0,9006.111328125,9006.0849609375,9008.056640625,9005.8330078125,-0.0,4.312876990297809e-05,4.312873716116883e-05,4.312968667363748e-05,4.312855890020728e-05,-0.0,9006.111328125,9006.0849609375,9008.056640625,9005.8330078125,-0.0,14162.2734375,14162.23046875,14161.2568359375,14162.1943359375,707.34521484375,0.0,0.0,0.0,0.0,0.0,1.5725181102752686,1.572517991065979,1.5720657110214233,1.572558045387268,9014.0,1000.0,1000.0,1000.0,1000.0,0.0,696863.3125,696856.75,697291.6875,696847.0,0.0,0.0029176471289247274,0.002917645499110222,0.0029177190735936165,0.0029176403768360615,0.0,696863.3125,696856.75,697291.6875,696847.0,0.0,1167363.25,1167358.75,1166375.625,1167359.0,392570.40625,0.0,0.0,0.0,0.0,2787858.75,0.011670651845633984,2787858.75,4668456.5,392570.40625
2019-11-08,-0.0,8990.3037109375,8990.27734375,8992.1259765625,8990.0341796875,-0.0,4.3106214434374124e-05,4.310618169256486e-05,4.310709846322425e-05,4.310600706958212e-05,-0.0,8990.3037109375,8990.27734375,8992.1259765625,8990.0341796875,-0.0,14128.1767578125,14128.134765625,14127.27734375,14128.0927734375,701.1459350585938,0.0,0.0,0.0,0.0,0.0,1.5714904069900513,1.5714902877807617,1.571071982383728,1.5715283155441284,9014.0,1000.0,1000.0,1000.0,1000.0,0.0,705853.625,705847.0625,706283.8125,705837.0625,0.0,0.002960753394290805,0.0029607515316456556,0.0029608262702822685,0.0029607464093714952,0.0,705853.625,705847.0625,706283.8125,705837.0625,0.0,1181491.375,1181486.875,1180502.875,1181487.125,393271.5625,0.0,0.0,0.0,0.0,2823821.5,0.011843077838420868,2823821.5,4724968.0,393271.5625
2019-11-09,-0.0,8974.10546875,8974.078125,8975.845703125,8973.8369140625,-0.0,4.3083320633741096e-05,4.308328789193183e-05,4.308420466259122e-05,4.308310599299148e-05,-0.0,8974.10546875,8974.078125,8975.845703125,8973.8369140625,-0.0,14094.1552734375,14094.1123046875,14093.3994140625,14094.0576171875,694.9918823242188,0.0,0.0,0.0,0.0,0.0,1.5705358982086182,1.5705358982086182,1.5701472759246826,1.5705721378326416,9014.0,1000.0,1000.0,1000.0,1000.0,0.0,714827.6875,714821.125,715259.625,714810.875,0.0,0.0030038366094231606,0.003003834979608655,0.003003910416737199,0.003003829624503851,0.0,714827.6875,714821.125,715259.625,714810.875,0.0,1195585.5,1195581.0,1194596.25,1195581.125,393966.5625,0.0,0.0,0.0,0.0,2859719.25,0.012015411630272865,2859719.25,4781344.0,393966.5625
2019-11-10,-0.0,8958.0419921875,8958.015625,8959.66015625,8957.78515625,-0.0,4.306051050662063e-05,4.306047776481137e-05,4.3061354517703876e-05,4.306029950384982e-05,-0.0,8958.0419921875,8958.015625,8959.66015625,8957.78515625,-0.0,14060.50390625,14060.4609375,14059.8447265625,14060.400390625,688.8833618164062,0.0,0.0,0.0,0.0,0.0,1.5695955753326416,1.569595456123352,1.5692386627197266,1.569629192352295,9014.0,1000.0,1000.0,1000.0,1000.0,0.0,723785.75,723779.125,724219.3125,723768.6875,0.0,0.003046897007152438,0.0030468953773379326,0.003046971745789051,0.003046889789402485,0.0,723785.75,723779.125,724219.3125,723768.6875,0.0,1209646.0,1209641.375,1208656.125,1209641.625,394655.4375,0.0,0.0,0.0,0.0,2895552.75,0.01218765415251255,2895552.75,4837585.0,394655.4375
2019-11-11,-0.0,8941.6142578125,8941.5869140625,8943.154296875,8941.359375,-0.0,4.3037300201831385e-05,4.303726746002212e-05,4.3038140574935824e-05,4.3037089199060574e-05,-0.0,8941.6142578125,8941.5869140625,8943.154296875,8941.359375,-0.0,14026.791015625,14026.7490234375,14026.2509765625,14026.67578125,682.8204345703125,0.0,0.0,0.0,0.0,0.0,1.5687090158462524,1.5687090158462524,1.5683784484863281,1.568740963935852,9014.0,1000.0,1000.0,1000.0,1000.0,0.0,732727.375,732720.6875,733162.4375,732710.0625,0.0,0.003089934354647994,0.0030899327248334885,0.0030900100246071815,0.003089926904067397,0.0,732727.375,732720.75,733162.4375,732710.0625,0.0,1223672.875,1223668.125,1222682.375,1223668.25,395338.25,0.0,0.0,0.0,0.0,2931320.5,0.012359804473817348,2931320.5,4893691.5,395338.25
2019-11-12,-0.0,8925.833984375,8925.8076171875,8927.2578125,8925.591796875,-0.0,4.3014573748223484e-05,4.301454100641422e-05,4.301537046558224e-05,4.301436638343148e-05,-0.0,8925.833984375,8925.8076171875,8927.2578125,8925.591796875,-0.0,13993.662109375,13993.6201171875,13993.201171875,13993.5419921875,676.8034057617188,0.0,0.0,0.0,0.0,0.0,1.5677708387374878,1.5677707195281982,1.5674691200256348,1.5677998065948486,9014.0,1000.0,1000.0,1000.0,1000.0,0.0,741653.1875,741646.5,742089.6875,741635.625,0.0,0.003132948884740472,0.0031329472549259663,0.0031330252531915903,0.003132941434159875,0.0,741653.1875,741646.5,742089.6875,741635.625,0.0,1237666.5,1237661.75,1236675.625,1237661.75,396015.0625,0.0,0.0,0.0,0.0,2967025.0,0.01253186259418726,2967025.0,4949665.5,396015.0625
2019-11-13,-0.0,8909.7333984375,8909.70703125,8911.0869140625,8909.494140625,-0.0,4.2991468944819644e-05,4.299143620301038e-05,4.299225838622078e-05,4.299125794204883e-05,-0.0,8909.7333984375,8909.70703125,8911.0869140625,8909.494140625,-0.0,13960.5009765625,13960.4580078125,13960.13671875,13960.3701171875,670.8323364257812,0.0,0.0,0.0,0.0,0.0,1.5668820142745972,1.5668818950653076,1.566603183746338,1.5669093132019043,9014.0,1000.0,1000.0,1000.0,1000.0,0.0,750562.9375,750556.25,751000.8125,750545.125,0.0,0.003175940364599228,0.0031759387347847223,0.003176017664372921,0.0031759326811879873,0.0,750562.9375,750556.25,751000.8125,750545.125,0.0,1251627.0,1251622.25,1250635.75,1251622.125,396685.90625,0.0,0.0,0.0,0.0,3002665.0,0.012703829444944859,3002665.0,5005507.0,396685.90625
2019-11-14,-0.0,8894.4638671875,8894.4384765625,8895.7080078125,8894.23828125,-0.0,4.296899351174943e-05,4.296896076994017e-05,4.2969739297404885e-05,4.2968789784936234e-05,-0.0,8894.4638671875,8894.4384765625,8895.7080078125,8894.23828125,-0.0,13927.9716796875,13927.9306640625,13927.671875,13927.8369140625,664.9072265625,0.0,0.0,0.0,0.0,0.0,1.5659147500991821,1.565914511680603,1.5656620264053345,1.5659393072128296,9014.0,1000.0,1000.0,1000.0,1000.0,0.0,759457.375,759450.6875,759896.5,759439.375,0.0,0.003218909492716193,0.003218907630071044,0.0032189872581511736,0.0032189013436436653,0.0,759457.375,759450.6875,759896.5,759439.375,0.0,1265555.0,1265550.125,1264563.375,1265550.0,397350.8125,0.0,0.0,0.0,0.0,3038244.0,0.01287570595741272,3038244.0,5061218.5,397350.8125
2019-11-15,-0.0,8879.91796875,8879.8935546875,8881.06640625,8879.7041015625,-0.0,4.294712925911881e-05,4.2947100155288354e-05,4.2947835027007386e-05,4.294693280826323e-05,-0.0,8879.91796875,8879.8935546875,8881.06640625,8879.7041015625,-0.0,13896.1494140625,13896.1083984375,13895.9072265625,13896.0107421875,659.0282592773438,0.0,0.0,0.0,0.0,0.0,1.5648961067199707,1.564895749092102,1.564666509628296,1.5649182796478271,9014.0,1000.0,1000.0,1000.0,1000.0,0.0,768337.3125,768330.5625,768777.5625,768319.0625,0.0,0.0032618565019220114,0.003261854639276862,0.0032619351986795664,0.0032618483528494835,0.0,768337.3125,768330.5625,768777.5625,768319.0625,0.0,1279451.125,1279446.25,1278459.25,1279446.0,398009.84375,0.0,0.0,0.0,0.0,3073764.5,0.013047494925558567,3073764.5,5116802.5,398009.84375
2019-11-16,-0.0,8865.890625,8865.8671875,8866.9921875,8865.6826171875,-0.0,4.29257852374576e-05,4.2925756133627146e-05,4.29264509875793e-05,4.292559242458083e-05,-0.0,8865.890625,8865.8671875,8866.9921875,8865.6826171875,-0.0,13864.9716796875,13864.931640625,13864.8173828125,13864.826171875,653.1953125,0.0,0.0,0.0,0.0,0.0,1.5638554096221924,1.5638550519943237,1.5636438131332397,1.5638757944107056,9014.0,1000.0,1000.0,1000.0,1000.0,0.0,777203.1875,777196.4375,777644.5625,777184.75,0.0,0.003304782323539257,0.003304780460894108,0.003304861718788743,0.0033047739416360855,0.0,777203.1875,777196.4375,777644.5625,777184.75,0.0,1293316.125,1293311.25,1292324.125,1293310.875,398663.03125,0.0,0.0,0.0,0.0,3109229.0,0.01321919821202755,3109229.0,5172262.0,398663.03125
2019-11-17,-0.0,8852.138671875,8852.115234375,8853.1533203125,8851.939453125,-0.0,4.290491051506251e-05,4.290487777325325e-05,4.290553624741733e-05,4.2904717702185735e-05,-0.0,8852.138671875,8852.115234375,8853.1533203125,8851.939453125,-0.0,13834.2802734375,13834.2412109375,13834.1708984375,13834.130859375,647.408447265625,0.0,0.0,0.0,0.0,0.0,1.562817931175232,1.5628174543380737,1.5626263618469238,1.5628361701965332,9014.0,1000.0,1000.0,1000.0,1000.0,0.0,786055.375,786048.5625,786497.6875,786036.6875,0.0,0.003347687190398574,0.0033476853277534246,0.003347767051309347,0.0033476785756647587,0.0,786055.375,786048.5625,786497.6875,786036.6875,0.0,1307150.375,1307145.5,1306158.25,1307145.0,399310.4375,0.0,0.0,0.0,0.0,3144638.25,0.013390818610787392,3144638.25,5227599.0,399310.4375
2019-11-18,-0.0,8838.8076171875,8838.78515625,8839.7451171875,8838.6162109375,-0.0,4.28844359703362e-05,4.288440686650574e-05,4.288503259886056e-05,4.288425043341704e-05,-0.0,8838.8076171875,8838.78515625,8839.7451171875,8838.6162109375,-0.0,13804.2294921875,13804.19140625,13804.162109375,13804.0771484375,641.6676025390625,0.0,0.0,0.0,0.0,0.0,1.5617750883102417,1.561774730682373,1.5616017580032349,1.5617916584014893,9014.0,1000.0,1000.0,1000.0,1000.0,0.0,794894.125,794887.3125,795337.4375,794875.3125,0.0,0.003390571800991893,0.0033905697055161,0.0033906521275639534,0.003390562953427434,0.0,794894.125,794887.3125,795337.4375,794875.3125,0.0,1320954.625,1320949.625,1319962.375,1320949.0,399952.09375,0.0,0.0,0.0,0.0,3179994.25,0.013562356121838093,3179994.25,5282815.5,399952.09375
2019-11-19,-0.0,8825.8330078125,8825.810546875,8826.7001953125,8825.6494140625,-0.0,4.286432158551179e-05,4.286429248168133e-05,4.2864889110205695e-05,4.2864139686571434e-05,-0.0,8825.8330078125,8825.810546875,8826.7001953125,8825.6494140625,-0.0,13774.7919921875,13774.75390625,13774.76171875,13774.63671875,635.97265625,0.0,0.0,0.0,0.0,0.0,1.5607357025146484,1.5607352256774902,1.5605788230895996,1.5607504844665527,9014.0,1000.0,1000.0,1000.0,1000.0,0.0,803720.0,803713.125,804164.1875,803700.9375,0.0,0.003433436155319214,0.003433434059843421,0.0034335171803832054,0.0034334270749241114,0.0,803720.0,803713.125,804164.1875,803700.9375,0.0,1334729.375,1334724.375,1333737.25,1334723.625,400588.0625,0.0,0.0,0.0,0.0,3215298.25,0.013733814470469952,3215298.25,5337914.5,400588.0625
2019-11-20,-0.0,8813.16796875,8813.146484375,8813.970703125,8812.9912109375,-0.0,4.284453461878002e-05,4.284450551494956e-05,4.2845073039643466e-05,4.284435271983966e-05,-0.0,8813.16796875,8813.146484375,8813.970703125,8812.9912109375,-0.0,13745.9384765625,13745.9013671875,13745.94140625,13745.779296875,630.3236083984375,0.0,0.0,0.0,0.0,0.0,1.5597045421600342,1.559704065322876,1.5595628023147583,1.5597177743911743,9014.0,1000.0,1000.0,1000.0,1000.0,0.0,812533.125,812526.3125,812978.125,812513.9375,0.0,0.0034762804862111807,0.0034762786235660315,0.003476362209767103,0.003476271405816078,0.0,812533.1875,812526.3125,812978.125,812513.9375,0.0,1348475.375,1348470.25,1347483.125,1348469.5,401218.40625,0.0,0.0,0.0,0.0,3250551.5,0.013905192725360394,3250551.5,5392898.0,401218.40625
2019-11-21,-0.0,8800.779296875,8800.7578125,8801.521484375,8800.6083984375,-0.0,4.282504232833162e-05,4.282501322450116e-05,4.282555528334342e-05,4.2824860429391265e-05,-0.0,8800.779296875,8800.7578125,8801.521484375,8800.6083984375,-0.0,13717.640625,13717.603515625,13717.673828125,13717.4765625,624.7202758789062,0.0,0.0,0.0,0.0,0.0,1.5586847066879272,1.5586843490600586,1.5585570335388184,1.5586965084075928,9014.0,1000.0,1000.0,1000.0,1000.0,0.0,821333.9375,821327.0625,821779.625,821314.5625,0.0,0.003519105724990368,0.003519103629514575,0.003519187681376934,0.003519096178933978,0.0,821333.9375,821327.0625,821779.6875,821314.5625,0.0,1362193.0,1362187.875,1361200.75,1362186.875,401843.125,0.0,0.0,0.0,0.0,3285755.25,0.014076492749154568,3285755.25,5447768.5,401843.125
2019-11-22,-0.0,8788.6416015625,8788.6201171875,8789.3291015625,8788.4755859375,-0.0,4.2805822886293754e-05,4.2805797420442104e-05,4.280631401343271e-05,4.2805644625332206e-05,-0.0,8788.6416015625,8788.6201171875,8789.3291015625,8788.4755859375,-0.0,13689.8701171875,13689.8349609375,13689.9306640625,13689.703125,619.1625366210938,0.0,0.0,0.0,0.0,0.0,1.5576777458190918,1.5576773881912231,1.5575627088546753,1.5576879978179932,9014.0,1000.0,1000.0,1000.0,1000.0,0.0,830122.5625,830115.6875,830569.0,830103.0,0.0,0.003561911405995488,0.0035619093105196953,0.0035619940608739853,0.0035619018599390984,0.0,830122.5625,830115.6875,830569.0,830103.0,0.0,1375882.875,1375877.75,1374890.75,1375876.625,402462.28125,0.0,0.0,0.0,0.0,3320910.25,0.014247716404497623,3320910.25,5502528.0,402462.28125
2019-11-23,-0.0,8776.7353515625,8776.7138671875,8777.3720703125,8776.5751953125,-0.0,4.278686537873e-05,4.278683627489954e-05,4.278733104001731e-05,4.278668711776845e-05,-0.0,8776.7353515625,8776.71484375,8777.3720703125,8776.5751953125,-0.0,13662.603515625,13662.5693359375,13662.689453125,13662.431640625,613.6502685546875,0.0,0.0,0.0,0.0,0.0,1.5566840171813965,1.5566837787628174,1.556580901145935,1.5566928386688232,9014.0,1000.0,1000.0,1000.0,1000.0,0.0,838899.3125,838892.375,839346.375,838879.625,0.0,0.0036046982277184725,0.0036046961322426796,0.003604781348258257,0.003604688448831439,0.0,838899.3125,838892.375,839346.375,838879.625,0.0,1389545.5,1389540.25,1388553.375,1389539.125,403075.9375,0.0,0.0,0.0,0.0,3356017.75,0.014418864622712135,3356017.75,5557178.5,403075.9375
2019-11-24,-0.0,8765.0498046875,8765.029296875,8765.638671875,8764.8955078125,-0.0,4.276815161574632e-05,4.276812251191586e-05,4.2768595449160784e-05,4.276797335478477e-05,-0.0,8765.05078125,8765.029296875,8765.638671875,8764.8955078125,-0.0,13635.8173828125,13635.7822265625,13635.923828125,13635.640625,608.1832885742188,0.0,0.0,0.0,0.0,0.0,1.5557032823562622,1.5557031631469727,1.55561101436615,1.5557105541229248,9014.0,1000.0,1000.0,1000.0,1000.0,0.0,847664.375,847657.4375,848112.0,847644.5,0.0,0.0036474664229899645,0.0036474643275141716,0.0036475500091910362,0.003647456644102931,0.0,847664.375,847657.4375,848112.0,847644.5,0.0,1403181.25,1403176.125,1402189.375,1403174.75,403684.125,0.0,0.0,0.0,0.0,3391078.25,0.014589937403798103,3391078.25,5611721.5,403684.125
2019-11-25,-0.0,8753.3359375,8753.3134765625,8753.9228515625,8753.1796875,-0.0,4.2749354179250076e-05,4.274932507541962e-05,4.274983439245261e-05,4.274916500435211e-05,-0.0,8753.3359375,8753.3134765625,8753.9228515625,8753.1796875,-0.0,13613.4013671875,13613.3818359375,13612.8232421875,13613.326171875,602.761474609375,0.0,0.0,0.0,0.0,0.0,1.5552244186401367,1.5552260875701904,1.5550540685653687,1.5552436113357544,9014.0,1000.0,1000.0,1000.0,1000.0,0.0,856417.6875,856410.75,856865.9375,856397.6875,0.0,0.0036902157589793205,0.0036902136635035276,0.0036902998108416796,0.0036902057472616434,0.0,856417.6875,856410.75,856865.9375,856397.6875,0.0,1416794.625,1416789.5,1415802.125,1416788.0,404286.875,0.0,0.0,0.0,0.0,3426092.0,0.014760934747755527,3426092.0,5666174.5,404286.875
2019-11-26,-0.0,8741.498046875,8741.4755859375,8742.0634765625,8741.34375,-0.0,4.273025842849165e-05,4.2730229324661195e-05,4.273076046956703e-05,4.2730065615614876e-05,-0.0,8741.498046875,8741.4755859375,8742.0634765625,8741.34375,-0.0,13594.1435546875,13594.1220703125,13593.7294921875,13594.04296875,597.384521484375,0.0,0.0,0.0,0.0,0.0,1.5551273822784424,1.555129051208496,1.5549794435501099,1.5551434755325317,9014.0,1000.0,1000.0,1000.0,1000.0,0.0,865159.1875,865152.1875,865608.0,865139.0,0.0,0.003732946002855897,0.003732943907380104,0.0037330305203795433,0.003732935758307576,0.0,865159.1875,865152.1875,865608.0,865139.0,0.0,1430388.875,1430383.625,1429395.875,1430382.125,404884.25,0.0,0.0,0.0,0.0,3461058.5,0.014931856654584408,3461058.5,5720550.5,404884.25
2019-11-27,-0.0,8729.71484375,8729.69140625,8730.244140625,8729.5634765625,-0.0,4.271103171049617e-05,4.2711002606665716e-05,4.271153375157155e-05,4.271083525964059e-05,-0.0,8729.71484375,8729.69140625,8730.244140625,8729.564453125,-0.0,13574.259765625,13574.2373046875,13573.9853515625,13574.1357421875,592.0523071289062,0.0,0.0,0.0,0.0,0.0,1.5549488067626953,1.554950475692749,1.5548230409622192,1.5549614429473877,9014.0,1000.0,1000.0,1000.0,1000.0,0.0,873888.9375,873881.875,874338.25,873868.5625,0.0,0.0037756571546196938,0.0037756548263132572,0.0037757421378046274,0.0037756466772407293,0.0,873888.9375,873881.875,874338.25,873868.5625,0.0,1443963.125,1443957.875,1442969.875,1443956.25,405476.3125,0.0,0.0,0.0,0.0,3495977.5,0.01510270033031702,3495977.5,5774847.0,405476.3125
2019-11-28,-0.0,8718.1044921875,8718.0810546875,8718.5908203125,8717.958984375,-0.0,4.269182318239473e-05,4.269179407856427e-05,4.2692314309533685e-05,4.2691626731539145e-05,-0.0,8718.1044921875,8718.0810546875,8718.5908203125,8717.958984375,-0.0,13553.87890625,13553.8564453125,13553.720703125,13553.7333984375,586.7645874023438,0.0,0.0,0.0,0.0,0.0,1.5546820163726807,1.5546834468841553,1.5545769929885864,1.5546910762786865,9014.0,1000.0,1000.0,1000.0,1000.0,0.0,882607.0,882600.0,883056.8125,882586.5625,0.0,0.0038183489814400673,0.0038183466531336308,0.0038184344302862883,0.003818338271230459,0.0,882607.0,882600.0,883056.8125,882586.5625,0.0,1457517.0,1457511.75,1456523.625,1457510.0,406063.0625,0.0,0.0,0.0,0.0,3530850.25,0.01527346856892109,3530850.25,5829062.0,406063.0625
2019-11-29,-0.0,8706.7294921875,8706.7060546875,8707.1708984375,8706.5908203125,-0.0,4.267270924174227e-05,4.267268013791181e-05,4.267318217898719e-05,4.2672512790886685e-05,-0.0,8706.7294921875,8706.7060546875,8707.1708984375,8706.5908203125,-0.0,13533.125,13533.1015625,13533.0625,13532.9599609375,581.5211791992188,0.0,0.0,0.0,0.0,0.0,1.5543293952941895,1.554330825805664,1.5542433261871338,1.554335117340088,9014.0,1000.0,1000.0,1000.0,1000.0,0.0,891313.75,891306.6875,891764.0,891293.125,0.0,0.003861021716147661,0.0038610193878412247,0.0038611076306551695,0.0038610107731074095,0.0,891313.75,891306.6875,891764.0,891293.125,0.0,1471050.125,1471044.75,1470056.625,1471042.875,406644.59375,0.0,0.0,0.0,0.0,3565677.5,0.015444159507751465,3565677.5,5883194.5,406644.59375
2019-11-30,-0.0,8695.62109375,8695.59765625,8696.0185546875,8695.4892578125,-0.0,4.265374082024209e-05,4.2653711716411635e-05,4.265419192961417e-05,4.2653548007365316e-05,-0.0,8695.62109375,8695.59765625,8696.0185546875,8695.4892578125,-0.0,13512.115234375,13512.0908203125,13512.1298828125,13511.931640625,576.32177734375,0.0,0.0,0.0,0.0,0.0,1.553898811340332,1.5539002418518066,1.553829550743103,1.5539013147354126,9014.0,1000.0,1000.0,1000.0,1000.0,0.0,900009.375,900002.25,900460.0,899988.625,0.0,0.0039036753587424755,0.003903673030436039,0.003903761738911271,0.00390366418287158,0.0,900009.375,900002.25,900460.0,899988.625,0.0,1484562.25,1484556.875,1483568.75,1484554.875,407220.90625,0.0,0.0,0.0,0.0,3600460.25,0.015614774078130722,3600460.25,5937242.5,407220.90625
2019-12-01,-0.0,8684.787109375,8684.763671875,8685.1416015625,8684.662109375,-0.0,4.263495065970346e-05,4.26349179178942e-05,4.26353799412027e-05,4.263475420884788e-05,-0.0,8684.787109375,8684.763671875,8685.142578125,8684.662109375,-0.0,13490.953125,13490.9287109375,13491.029296875,13490.7529296875,571.1661987304688,0.0,0.0,0.0,0.0,0.0,1.5534005165100098,1.5534019470214844,1.553345799446106,1.5533998012542725,9014.0,1000.0,1000.0,1000.0,1000.0,0.0,908694.125,908687.0625,909145.125,908673.3125,0.0,0.0039463103748857975,0.003946308046579361,0.003946396987885237,0.003946299199014902,0.0,908694.125,908687.0625,909145.125,908673.3125,0.0,1498053.125,1498047.75,1497059.875,1498045.625,407792.09375,0.0,0.0,0.0,0.0,3635199.5,0.01578531414270401,3635199.75,5991206.5,407792.09375
2019-12-02,-0.0,8674.22265625,8674.19921875,8674.5380859375,8674.10546875,-0.0,4.26163496740628e-05,4.261632057023235e-05,4.261675348971039e-05,4.261615686118603e-05,-0.0,8674.22265625,8674.19921875,8674.5380859375,8674.10546875,-0.0,13469.7294921875,13469.705078125,13469.853515625,13469.5146484375,566.05419921875,0.0,0.0,0.0,0.0,0.0,1.5528457164764404,1.5528470277786255,1.5528035163879395,1.5528420209884644,9014.0,1000.0,1000.0,1000.0,1000.0,0.0,917368.375,917361.25,917819.6875,917347.375,0.0,0.003988926764577627,0.003988924436271191,0.003989013843238354,0.0039889151230454445,0.0,917368.375,917361.25,917819.6875,917347.375,0.0,1511522.875,1511517.5,1510529.75,1511515.125,408358.125,0.0,0.0,0.0,0.0,3669896.75,0.01595577970147133,3669896.75,6045085.0,408358.125
2019-12-03,-0.0,8663.9140625,8663.890625,8664.1943359375,8663.8037109375,-0.0,4.259795241523534e-05,4.259791967342608e-05,4.259833076503128e-05,4.2597759602358565e-05,-0.0,8663.9140625,8663.890625,8664.1943359375,8663.8037109375,-0.0,13448.521484375,13448.4970703125,13448.6806640625,13448.2919921875,560.9855346679688,0.0,0.0,0.0,0.0,0.0,1.5522454977035522,1.5522468090057373,1.5522136688232422,1.5522388219833374,9014.0,1000.0,1000.0,1000.0,1000.0,0.0,926032.3125,926025.125,926483.875,926011.1875,0.0,0.0040315245278179646,0.004031522199511528,0.004031612072139978,0.004031512886285782,0.0,926032.3125,926025.125,926483.875,926011.1875,0.0,1524971.375,1524966.0,1523978.375,1524963.375,408919.125,0.0,0.0,0.0,0.0,3704552.5,0.016126172617077827,3704552.5,6098879.0,408919.125
2019-12-04,-0.0,8653.8427734375,8653.8203125,8654.0908203125,8653.740234375,-0.0,4.257975524524227e-05,4.2579722503433004e-05,4.258011176716536e-05,4.25795660703443e-05,-0.0,8653.8427734375,8653.8203125,8654.0908203125,8653.740234375,-0.0,13427.390625,13427.3662109375,13427.576171875,13427.1484375,555.9598388671875,0.0,0.0,0.0,0.0,0.0,1.5516101121902466,1.5516114234924316,1.5515871047973633,1.5516005754470825,9014.0,1000.0,1000.0,1000.0,1000.0,0.0,934686.125,934678.9375,935137.9375,934664.9375,0.0,0.004074104595929384,0.00407410180196166,0.004074192140251398,0.004074092488735914,0.0,934686.125,934678.9375,935138.0,934664.9375,0.0,1538398.75,1538393.375,1537406.0,1538390.5,409475.09375,0.0,0.0,0.0,0.0,3739168.0,0.016296491026878357,3739168.0,6152588.5,409475.09375
2019-12-05,-0.0,8643.990234375,8643.9677734375,8644.2099609375,8643.89453125,-0.0,4.256175452610478e-05,4.256172542227432e-05,4.256208922015503e-05,4.2561568989185616e-05,-0.0,8643.990234375,8643.9677734375,8644.2099609375,8643.89453125,-0.0,13406.38671875,13406.3623046875,13406.58984375,13406.130859375,550.9769897460938,0.0,0.0,0.0,0.0,0.0,1.5509488582611084,1.550950050354004,1.5509330034255981,1.5509365797042847,9014.0,1000.0,1000.0,1000.0,1000.0,0.0,943330.125,943322.9375,943782.1875,943308.8125,0.0,0.004116666037589312,0.004116663709282875,0.0041167545132339,0.004116653930395842,0.0,943330.125,943322.9375,943782.1875,943308.8125,0.0,1551805.125,1551799.75,1550812.5,1551796.625,410026.0625,0.0,0.0,0.0,0.0,3773744.0,0.016466738656163216,3773744.0,6206214.0,410026.0625
2019-12-06,-0.0,8634.3359375,8634.3134765625,8634.5302734375,8634.24609375,-0.0,4.254395025782287e-05,4.254391751601361e-05,4.254426312400028e-05,4.25437610829249e-05,-0.0,8634.3359375,8634.3134765625,8634.5302734375,8634.24609375,-0.0,13385.548828125,13385.5244140625,13385.763671875,13385.28125,546.0366821289062,0.0,0.0,0.0,0.0,0.0,1.5502697229385376,1.550270915031433,1.5502597093582153,1.5502547025680542,9014.0,1000.0,1000.0,1000.0,1000.0,0.0,951964.4375,951957.25,952416.6875,951943.0625,0.0,0.004159210249781609,0.004159207455813885,0.004159298725426197,0.004159197676926851,0.0,951964.4375,951957.25,952416.6875,951943.0625,0.0,1565190.75,1565185.25,1564198.25,1565182.0,410572.09375,0.0,0.0,0.0,0.0,3808281.5,0.016636913642287254,3808281.5,6259756.5,410572.09375
2019-12-07,-0.0,8624.8603515625,8624.837890625,8625.0322265625,8624.77734375,-0.0,4.252632425050251e-05,4.2526295146672055e-05,4.2526618926785886e-05,4.252614235156216e-05,-0.0,8624.8603515625,8624.837890625,8625.0322265625,8624.77734375,-0.0,13364.9072265625,13364.8837890625,13365.12890625,13364.6279296875,541.1385498046875,0.0,0.0,0.0,0.0,0.0,1.5495796203613281,1.5495809316635132,1.549574375152588,1.5495620965957642,9014.0,1000.0,1000.0,1000.0,1000.0,0.0,960589.3125,960582.0625,961041.75,960567.875,0.0,0.0042017363011837006,0.004201733972877264,0.004201825242489576,0.0042017241939902306,0.0,960589.3125,960582.0625,961041.75,960567.875,0.0,1578555.625,1578550.125,1577563.375,1578546.625,411113.25,0.0,0.0,0.0,0.0,3842781.0,0.01680701971054077,3842781.0,6313216.0,411113.25
2019-12-08,-0.0,8615.544921875,8615.5224609375,8615.6982421875,8615.4697265625,-0.0,4.25088765041437e-05,4.250884740031324e-05,4.250915299053304e-05,4.2508694605203345e-05,-0.0,8615.544921875,8615.5224609375,8615.6982421875,8615.4697265625,-0.0,13344.4853515625,13344.4609375,13344.7080078125,13344.193359375,536.282470703125,0.0,0.0,0.0,0.0,0.0,1.548884630203247,1.5488859415054321,1.5488829612731934,1.5488643646240234,9014.0,1000.0,1000.0,1000.0,1000.0,0.0,969204.875,969197.5625,969657.4375,969183.3125,0.0,0.004244245123118162,0.004244242794811726,0.004244334530085325,0.004244232550263405,0.0,969204.875,969197.625,969657.4375,969183.3125,0.0,1591900.125,1591894.625,1590908.125,1591890.75,411649.53125,0.0,0.0,0.0,0.0,3877243.25,0.016977054998278618,3877243.25,6366593.5,411649.53125
2019-12-09,-0.0,8606.3720703125,8606.349609375,8606.509765625,8606.3037109375,-0.0,4.249159246683121e-05,4.249156336300075e-05,4.249185440130532e-05,4.249141420586966e-05,-0.0,8606.3720703125,8606.349609375,8606.509765625,8606.3037109375,-0.0,13324.2998046875,13324.2763671875,13324.5205078125,13323.99609375,531.468017578125,0.0,0.0,0.0,0.0,0.0,1.5481901168823242,1.5481913089752197,1.5481908321380615,1.5481669902801514,9014.0,1000.0,1000.0,1000.0,1000.0,0.0,977811.25,977803.9375,978263.9375,977789.625,0.0,0.004286736715584993,0.004286734387278557,0.0042868261225521564,0.004286724142730236,0.0,977811.25,977803.9375,978263.9375,977789.625,0.0,1605224.375,1605218.875,1604232.625,1605214.75,412181.0,0.0,0.0,0.0,0.0,3911668.75,0.017147021368145943,3911668.75,6419890.5,412181.0
2019-12-10,-0.0,8597.3251953125,8597.302734375,8597.4501953125,8597.2646484375,-0.0,4.247446486260742e-05,4.247443575877696e-05,4.24747122451663e-05,4.247429023962468e-05,-0.0,8597.3251953125,8597.302734375,8597.4501953125,8597.2646484375,-0.0,13304.36328125,13304.33984375,13304.578125,13304.046875,526.6950073242188,0.0,0.0,0.0,0.0,0.0,1.5475003719329834,1.547501564025879,1.5475027561187744,1.5474742650985718,9014.0,1000.0,1000.0,1000.0,1000.0,0.0,986408.5625,986401.25,986861.375,986386.875,0.0,0.0043292115442454815,0.004329208750277758,0.004329300951212645,0.004329198505729437,0.0,986408.5625,986401.25,986861.375,986386.875,0.0,1618528.75,1618523.25,1617537.25,1618518.875,412707.6875,0.0,0.0,0.0,0.0,3946058.0,0.017316918820142746,3946058.0,6473108.0,412707.6875
