time,WOPR:I1,WOPR:I2,WOPR:I3,WOPR:I4,WOPR:I5,WOPR:I6,WOPR:P1,WOPR:P3,WOPR:P4,WOPR:P5,WOPR:P6,WOPR:PS1,WOPR:PS2,WOPR:PS8,WOPR:PS9,WOPR:PS10,WWPR:I1,WWPR:I2,WWPR:I3,WWPR:I4,WWPR:I5,WWPR:I6,WWPR:P1,WWPR:P3,WWPR:P4,WWPR:P5,WWPR:P6,WWPR:PS1,WWPR:PS2,WWPR:PS8,WWPR:PS9,WWPR:PS10,WLPR:I1,WLPR:I2,WLPR:I3,WLPR:I4,WLPR:I5,WLPR:I6,WLPR:P1,WLPR:P3,WLPR:P4,WLPR:P5,WLPR:P6,WLPR:PS1,WLPR:PS2,WLPR:PS8,WLPR:PS9,WLPR:PS10,WGPR:I1,WGPR:I2,WGPR:I3,WGPR:I4,WGPR:I5,WGPR:I6,WGPR:P1,WGPR:P3,WGPR:P4,WGPR:P5,WGPR:P6,WGPR:PS1,WGPR:PS2,WGPR:PS8,WGPR:PS9,WGPR:PS10,WWIR:I1,WWIR:I2,WWIR:I3,WWIR:I4,WWIR:I5,WWIR:I6,WWIR:P1,WWIR:P3,WWIR:P4,WWIR:P5,WWIR:P6,WWIR:PS1,WWIR:PS2,WWIR:PS8,WWIR:PS9,WWIR:PS10,WGOR:I1,WGOR:I2,WGOR:I3,WGOR:I4,WGOR:I5,WGOR:I6,WGOR:P1,WGOR:P3,WGOR:P4,WGOR:P5,WGOR:P6,WGOR:PS1,WGOR:PS2,WGOR:PS8,WGOR:PS9,WGOR:PS10,WBHP:I1,WBHP:I2,WBHP:I3,WBHP:I4,WBHP:I5,WBHP:I6,WBHP:P1,WBHP:P3,WBHP:P4,WBHP:P5,WBHP:P6,WBHP:PS1,WBHP:PS2,WBHP:PS8,WBHP:PS9,WBHP:PS10,WOPT:I1,WOPT:I2,WOPT:I3,WOPT:I4,WOPT:I5,WOPT:I6,WOPT:P1,WOPT:P3,WOPT:P4,WOPT:P5,WOPT:P6,WOPT:PS1,WOPT:PS2,WOPT:PS8,WOPT:PS9,WOPT:PS10,WWPT:I1,WWPT:I2,WWPT:I3,WWPT:I4,WWPT:I5,WWPT:I6,WWPT:P1,WWPT:P3,WWPT:P4,WWPT:P5,WWPT:P6,WWPT:PS1,WWPT:PS2,WWPT:PS8,WWPT:PS9,WWPT:PS10,WLPT:I1,WLPT:I2,WLPT:I3,WLPT:I4,WLPT:I5,WLPT:I6,WLPT:P1,WLPT:P3,WLPT:P4,WLPT:P5,WLPT:P6,WLPT:PS1,WLPT:PS2,WLPT:PS8,WLPT:PS9,WLPT:PS10,WGPT:I1,WGPT:I2,WGPT:I3,WGPT:I4,WGPT:I5,WGPT:I6,WGPT:P1,WGPT:P3,WGPT:P4,WGPT:P5,WGPT:P6,WGPT:PS1,WGPT:PS2,WGPT:PS8,WGPT:PS9,WGPT:PS10,WWIT:I1,WWIT:I2,WWIT:I3,WWIT:I4,WWIT:I5,WWIT:I6,WWIT:P1,WWIT:P3,WWIT:P4,WWIT:P5,WWIT:P6,WWIT:PS1,WWIT:PS2,WWIT:PS8,WWIT:PS9,WWIT:PS10,FOPT,FWPT,FLPT,FGPT,FWIT,FOPR,FWPR,FLPR,FGPR,FWIR,FGOR,FWCT,FPR
2020-01-02 00:00:00,-0.0,-0.0,-0.0,-0.0,-0.0,-0.0,-0.0,-0.0,-0.0,-0.0,-0.0,-0.0,-0.0,-0.0,-0.0,-0.0,-0.0,-0.0,-0.0,-0.0,-0.0,-0.0,-0.0,-0.0,-0.0,-0.0,-0.0,-0.0,-0.0,-0.0,-0.0,-0.0,-0.0,-0.0,-0.0,-0.0,-0.0,-0.0,-0.0,-0.0,-0.0,-0.0,-0.0,-0.0,-0.0,-0.0,-0.0,-0.0,-0.0,-0.0,-0.0,-0.0,-0.0,-0.0,-0.0,-0.0,-0.0,-0.0,-0.0,-0.0,-0.0,-0.0,-0.0,-0.0,0.0,0.0,0.0,0.0,0.0,0.0,0.0,0.0,0.0,0.0,0.0,0.0,0.0,0.0,0.0,0.0,0.0,0.0,0.0,0.0,0.0,0.0,0.0,0.0,0.0,0.0,0.0,0.0,0.0,0.0,0.0,0.0,0.0,0.0,0.0,0.0,0.0,0.0,0.0,0.0,0.0,0.0,0.0,0.0,0.0,0.0,0.0,0.0,0.0,0.0,0.0,0.0,0.0,0.0,0.0,0.0,0.0,0.0,0.0,0.0,0.0,0.0,0.0,0.0,0.0,0.0,0.0,0.0,0.0,0.0,0.0,0.0,0.0,0.0,0.0,0.0,0.0,0.0,0.0,0.0,0.0,0.0,0.0,0.0,0.0,0.0,0.0,0.0,0.0,0.0,0.0,0.0,0.0,0.0,0.0,0.0,0.0,0.0,0.0,0.0,0.0,0.0,0.0,0.0,0.0,0.0,0.0,0.0,0.0,0.0,0.0,0.0,0.0,0.0,0.0,0.0,0.0,0.0,0.0,0.0,0.0,0.0,0.0,0.0,0.0,0.0,0.0,0.0,0.0,0.0,0.0,0.0,0.0,-0.0,-0.0,-0.0,-0.0,0.0,0.0,0.0,320.47332763671875
2020-01-05 00:00:00,-0.0,-0.0,-0.0,-0.0,-0.0,-0.0,-0.0,-0.0,-0.0,-0.0,-0.0,-0.0,-0.0,-0.0,-0.0,-0.0,-0.0,-0.0,-0.0,-0.0,-0.0,-0.0,-0.0,-0.0,-0.0,-0.0,-0.0,-0.0,-0.0,-0.0,-0.0,-0.0,-0.0,-0.0,-0.0,-0.0,-0.0,-0.0,-0.0,-0.0,-0.0,-0.0,-0.0,-0.0,-0.0,-0.0,-0.0,-0.0,-0.0,-0.0,-0.0,-0.0,-0.0,-0.0,-0.0,-0.0,-0.0,-0.0,-0.0,-0.0,-0.0,-0.0,-0.0,-0.0,0.0,0.0,0.0,0.0,0.0,0.0,0.0,0.0,0.0,0.0,0.0,0.0,0.0,0.0,0.0,0.0,0.0,0.0,0.0,0.0,0.0,0.0,0.0,0.0,0.0,0.0,0.0,0.0,0.0,0.0,0.0,0.0,0.0,0.0,0.0,0.0,0.0,0.0,0.0,0.0,0.0,0.0,0.0,0.0,0.0,0.0,0.0,0.0,0.0,0.0,0.0,0.0,0.0,0.0,0.0,0.0,0.0,0.0,0.0,0.0,0.0,0.0,0.0,0.0,0.0,0.0,0.0,0.0,0.0,0.0,0.0,0.0,0.0,0.0,0.0,0.0,0.0,0.0,0.0,0.0,0.0,0.0,0.0,0.0,0.0,0.0,0.0,0.0,0.0,0.0,0.0,0.0,0.0,0.0,0.0,0.0,0.0,0.0,0.0,0.0,0.0,0.0,0.0,0.0,0.0,0.0,0.0,0.0,0.0,0.0,0.0,0.0,0.0,0.0,0.0,0.0,0.0,0.0,0.0,0.0,0.0,0.0,0.0,0.0,0.0,0.0,0.0,0.0,0.0,0.0,0.0,0.0,0.0,-0.0,-0.0,-0.0,-0.0,0.0,0.0,0.0,320.47332763671875
2020-01-14 00:00:00,-0.0,-0.0,-0.0,-0.0,-0.0,-0.0,-0.0,-0.0,-0.0,-0.0,-0.0,-0.0,-0.0,-0.0,-0.0,-0.0,-0.0,-0.0,-0.0,-0.0,-0.0,-0.0,-0.0,-0.0,-0.0,-0.0,-0.0,-0.0,-0.0,-0.0,-0.0,-0.0,-0.0,-0.0,-0.0,-0.0,-0.0,-0.0,-0.0,-0.0,-0.0,-0.0,-0.0,-0.0,-0.0,-0.0,-0.0,-0.0,-0.0,-0.0,-0.0,-0.0,-0.0,-0.0,-0.0,-0.0,-0.0,-0.0,-0.0,-0.0,-0.0,-0.0,-0.0,-0.0,0.0,0.0,0.0,0.0,0.0,0.0,0.0,0.0,0.0,0.0,0.0,0.0,0.0,0.0,0.0,0.0,0.0,0.0,0.0,0.0,0.0,0.0,0.0,0.0,0.0,0.0,0.0,0.0,0.0,0.0,0.0,0.0,0.0,0.0,0.0,0.0,0.0,0.0,0.0,0.0,0.0,0.0,0.0,0.0,0.0,0.0,0.0,0.0,0.0,0.0,0.0,0.0,0.0,0.0,0.0,0.0,0.0,0.0,0.0,0.0,0.0,0.0,0.0,0.0,0.0,0.0,0.0,0.0,0.0,0.0,0.0,0.0,0.0,0.0,0.0,0.0,0.0,0.0,0.0,0.0,0.0,0.0,0.0,0.0,0.0,0.0,0.0,0.0,0.0,0.0,0.0,0.0,0.0,0.0,0.0,0.0,0.0,0.0,0.0,0.0,0.0,0.0,0.0,0.0,0.0,0.0,0.0,0.0,0.0,0.0,0.0,0.0,0.0,0.0,0.0,0.0,0.0,0.0,0.0,0.0,0.0,0.0,0.0,0.0,0.0,0.0,0.0,0.0,0.0,0.0,0.0,0.0,0.0,-0.0,-0.0,-0.0,-0.0,0.0,0.0,0.0,320.47332763671875
2020-02-10 00:00:00,-0.0,-0.0,-0.0,-0.0,-0.0,-0.0,-0.0,-0.0,-0.0,-0.0,-0.0,-0.0,-0.0,-0.0,-0.0,-0.0,-0.0,-0.0,-0.0,-0.0,-0.0,-0.0,-0.0,-0.0,-0.0,-0.0,-0.0,-0.0,-0.0,-0.0,-0.0,-0.0,-0.0,-0.0,-0.0,-0.0,-0.0,-0.0,-0.0,-0.0,-0.0,-0.0,-0.0,-0.0,-0.0,-0.0,-0.0,-0.0,-0.0,-0.0,-0.0,-0.0,-0.0,-0.0,-0.0,-0.0,-0.0,-0.0,-0.0,-0.0,-0.0,-0.0,-0.0,-0.0,0.0,0.0,0.0,0.0,0.0,0.0,0.0,0.0,0.0,0.0,0.0,0.0,0.0,0.0,0.0,0.0,0.0,0.0,0.0,0.0,0.0,0.0,0.0,0.0,0.0,0.0,0.0,0.0,0.0,0.0,0.0,0.0,0.0,0.0,0.0,0.0,0.0,0.0,0.0,0.0,0.0,0.0,0.0,0.0,0.0,0.0,0.0,0.0,0.0,0.0,0.0,0.0,0.0,0.0,0.0,0.0,0.0,0.0,0.0,0.0,0.0,0.0,0.0,0.0,0.0,0.0,0.0,0.0,0.0,0.0,0.0,0.0,0.0,0.0,0.0,0.0,0.0,0.0,0.0,0.0,0.0,0.0,0.0,0.0,0.0,0.0,0.0,0.0,0.0,0.0,0.0,0.0,0.0,0.0,0.0,0.0,0.0,0.0,0.0,0.0,0.0,0.0,0.0,0.0,0.0,0.0,0.0,0.0,0.0,0.0,0.0,0.0,0.0,0.0,0.0,0.0,0.0,0.0,0.0,0.0,0.0,0.0,0.0,0.0,0.0,0.0,0.0,0.0,0.0,0.0,0.0,0.0,0.0,-0.0,-0.0,-0.0,-0.0,0.0,0.0,0.0,320.47332763671875
2020-04-06 00:00:00,-0.0,-0.0,-0.0,-0.0,-0.0,-0.0,-0.0,-0.0,-0.0,-0.0,-0.0,-0.0,-0.0,-0.0,-0.0,-0.0,-0.0,-0.0,-0.0,-0.0,-0.0,-0.0,-0.0,-0.0,-0.0,-0.0,-0.0,-0.0,-0.0,-0.0,-0.0,-0.0,-0.0,-0.0,-0.0,-0.0,-0.0,-0.0,-0.0,-0.0,-0.0,-0.0,-0.0,-0.0,-0.0,-0.0,-0.0,-0.0,-0.0,-0.0,-0.0,-0.0,-0.0,-0.0,-0.0,-0.0,-0.0,-0.0,-0.0,-0.0,-0.0,-0.0,-0.0,-0.0,0.0,0.0,0.0,0.0,0.0,0.0,0.0,0.0,0.0,0.0,0.0,0.0,0.0,0.0,0.0,0.0,0.0,0.0,0.0,0.0,0.0,0.0,0.0,0.0,0.0,0.0,0.0,0.0,0.0,0.0,0.0,0.0,0.0,0.0,0.0,0.0,0.0,0.0,0.0,0.0,0.0,0.0,0.0,0.0,0.0,0.0,0.0,0.0,0.0,0.0,0.0,0.0,0.0,0.0,0.0,0.0,0.0,0.0,0.0,0.0,0.0,0.0,0.0,0.0,0.0,0.0,0.0,0.0,0.0,0.0,0.0,0.0,0.0,0.0,0.0,0.0,0.0,0.0,0.0,0.0,0.0,0.0,0.0,0.0,0.0,0.0,0.0,0.0,0.0,0.0,0.0,0.0,0.0,0.0,0.0,0.0,0.0,0.0,0.0,0.0,0.0,0.0,0.0,0.0,0.0,0.0,0.0,0.0,0.0,0.0,0.0,0.0,0.0,0.0,0.0,0.0,0.0,0.0,0.0,0.0,0.0,0.0,0.0,0.0,0.0,0.0,0.0,0.0,0.0,0.0,0.0,0.0,0.0,-0.0,-0.0,-0.0,-0.0,0.0,0.0,0.0,320.47332763671875
2020-06-01 00:00:00,-0.0,-0.0,-0.0,-0.0,-0.0,-0.0,-0.0,-0.0,-0.0,-0.0,-0.0,-0.0,-0.0,-0.0,-0.0,-0.0,-0.0,-0.0,-0.0,-0.0,-0.0,-0.0,-0.0,-0.0,-0.0,-0.0,-0.0,-0.0,-0.0,-0.0,-0.0,-0.0,-0.0,-0.0,-0.0,-0.0,-0.0,-0.0,-0.0,-0.0,-0.0,-0.0,-0.0,-0.0,-0.0,-0.0,-0.0,-0.0,-0.0,-0.0,-0.0,-0.0,-0.0,-0.0,-0.0,-0.0,-0.0,-0.0,-0.0,-0.0,-0.0,-0.0,-0.0,-0.0,0.0,0.0,0.0,0.0,0.0,0.0,0.0,0.0,0.0,0.0,0.0,0.0,0.0,0.0,0.0,0.0,0.0,0.0,0.0,0.0,0.0,0.0,0.0,0.0,0.0,0.0,0.0,0.0,0.0,0.0,0.0,0.0,0.0,0.0,0.0,0.0,0.0,0.0,0.0,0.0,0.0,0.0,0.0,0.0,0.0,0.0,0.0,0.0,0.0,0.0,0.0,0.0,0.0,0.0,0.0,0.0,0.0,0.0,0.0,0.0,0.0,0.0,0.0,0.0,0.0,0.0,0.0,0.0,0.0,0.0,0.0,0.0,0.0,0.0,0.0,0.0,0.0,0.0,0.0,0.0,0.0,0.0,0.0,0.0,0.0,0.0,0.0,0.0,0.0,0.0,0.0,0.0,0.0,0.0,0.0,0.0,0.0,0.0,0.0,0.0,0.0,0.0,0.0,0.0,0.0,0.0,0.0,0.0,0.0,0.0,0.0,0.0,0.0,0.0,0.0,0.0,0.0,0.0,0.0,0.0,0.0,0.0,0.0,0.0,0.0,0.0,0.0,0.0,0.0,0.0,0.0,0.0,0.0,-0.0,-0.0,-0.0,-0.0,0.0,0.0,0.0,320.47332763671875
2020-06-02 00:00:00,-0.0,-0.0,-0.0,-0.0,-0.0,-0.0,200.0,60.0,200.0,200.0,200.0,159.99853515625,160.0,-0.0,-0.0,-0.0,-0.0,-0.0,-0.0,-0.0,-0.0,-0.0,1.9245393039629688e-12,2.941208665507844e-10,1.730042433097101e-12,1.730042433097101e-12,1.730042433097101e-12,0.0014629054348915815,2.162553122686539e-12,-0.0,-0.0,-0.0,-0.0,-0.0,-0.0,-0.0,-0.0,-0.0,200.0,60.0,200.0,200.0,200.0,160.0,160.0,-0.0,-0.0,-0.0,-0.0,-0.0,-0.0,-0.0,-0.0,-0.0,45239.43359375,13571.830078125,45239.43359375,45239.43359375,45239.43359375,36191.21484375,36191.546875,-0.0,-0.0,-0.0,400.0,400.0,400.0,400.0,400.0,400.0,0.0,0.0,0.0,0.0,0.0,0.0,0.0,0.0,0.0,0.0,0.0,0.0,0.0,0.0,0.0,0.0,226.19715881347656,226.19715881347656,226.19715881347656,226.19715881347656,226.19715881347656,226.19715881347656,226.19715881347656,0.0,0.0,0.0,360.86749267578125,362.05572509765625,360.8316345214844,360.835693359375,361.3296203613281,361.3315124511719,189.76370239257812,246.04640197753906,266.727783203125,266.6989440917969,266.6953125,294.9609375,277.020263671875,0.0,0.0,0.0,0.0,0.0,0.0,0.0,0.0,0.0,200.0,60.0,200.0,200.0,200.0,159.99853515625,160.0,0.0,0.0,0.0,0.0,0.0,0.0,0.0,0.0,0.0,1.9245393039629688e-12,2.941208665507844e-10,1.730042433097101e-12,1.730042433097101e-12,1.730042433097101e-12,0.0014629054348915815,2.162553122686539e-12,0.0,0.0,0.0,0.0,0.0,0.0,0.0,0.0,0.0,200.0,60.0,200.0,200.0,200.0,160.0,160.0,0.0,0.0,0.0,0.0,0.0,0.0,0.0,0.0,0.0,45239.43359375,13571.830078125,45239.43359375,45239.43359375,45239.43359375,36191.21484375,36191.546875,0.0,0.0,0.0,400.0,400.0,400.0,400.0,400.0,400.0,0.0,0.0,0.0,0.0,0.0,0.0,0.0,0.0,0.0,0.0,1179.99853515625,0.0014629056677222252,1180.0,266912.3125,2400.0,1179.99853515625,0.0014629056677222252,1180.0,266912.3125,2400.0,226.19715881347656,1.2397506452543894e-06,320.47821044921875
2020-06-02 01:57:52,-0.0,-0.0,-0.0,-0.0,-0.0,-0.0,200.0,70.0,200.0,200.0,200.0,159.99856567382812,160.0,-0.0,-0.0,-0.0,-0.0,-0.0,-0.0,-0.0,-0.0,-0.0,1.464933969699268e-18,7.462687431786263e-16,1.3168854938572569e-18,1.3168854938572569e-18,1.3168854938572569e-18,0.0014339949702844024,2.0576332804215827e-18,-0.0,-0.0,-0.0,-0.0,-0.0,-0.0,-0.0,-0.0,-0.0,200.0,70.0,200.0,200.0,200.0,160.0,160.0,-0.0,-0.0,-0.0,-0.0,-0.0,-0.0,-0.0,-0.0,-0.0,45239.43359375,15833.80078125,45239.43359375,45239.43359375,45239.43359375,36191.22265625,36191.546875,-0.0,-0.0,-0.0,400.0,400.0,400.0,400.0,400.0,400.0,0.0,0.0,0.0,0.0,0.0,0.0,0.0,0.0,0.0,0.0,0.0,0.0,0.0,0.0,0.0,0.0,226.19715881347656,226.19715881347656,226.19715881347656,226.19715881347656,226.19715881347656,226.19715881347656,226.19715881347656,0.0,0.0,0.0,357.5360412597656,356.5780029296875,357.49957275390625,361.9488525390625,355.8013610839844,360.26568603515625,181.28668212890625,223.3606414794922,266.3055114746094,260.1014099121094,263.18389892578125,292.0355224609375,269.2472839355469,0.0,0.0,0.0,0.0,0.0,0.0,0.0,0.0,0.0,216.37384033203125,65.73084259033203,216.37384033203125,216.37384033203125,216.37384033203125,173.0974884033203,173.09906005859375,0.0,0.0,0.0,0.0,0.0,0.0,0.0,0.0,0.0,1.9245395208034033e-12,2.9412094981751125e-10,1.7300425415173182e-12,1.7300425415173182e-12,1.7300425415173182e-12,0.0015803053975105286,2.162553122686539e-12,0.0,0.0,0.0,0.0,0.0,0.0,0.0,0.0,0.0,216.37384033203125,65.73084259033203,216.37384033203125,216.37384033203125,216.37384033203125,173.09906005859375,173.09906005859375,0.0,0.0,0.0,0.0,0.0,0.0,0.0,0.0,0.0,48943.1484375,14868.1298828125,48943.1484375,48943.1484375,48943.1484375,39154.16015625,39154.515625,0.0,0.0,0.0,432.7476806640625,432.7476806640625,432.7476806640625,432.7476806640625,432.7476806640625,432.7476806640625,0.0,0.0,0.0,0.0,0.0,0.0,0.0,0.0,0.0,0.0,1277.4227294921875,0.001580305746756494,1277.42431640625,288949.40625,2596.486083984375,1189.99853515625,0.0014339949702844024,1190.0,269174.28125,2400.0,226.19715881347656,1.2050377335981466e-06,320.47857666015625
2020-06-02 07:51:34,-0.0,-0.0,-0.0,-0.0,-0.0,-0.0,200.0,70.0,200.0,200.0,200.0,159.99851989746094,160.0,-0.0,-0.0,-0.0,-0.0,-0.0,-0.0,-0.0,-0.0,-0.0,3.716963687905547e-25,5.4100000100700295e-22,3.341321436867077e-25,3.341321436867077e-25,3.341321436867077e-25,0.0014840124640613794,6.526017006192851e-25,-0.0,-0.0,-0.0,-0.0,-0.0,-0.0,-0.0,-0.0,-0.0,200.0,70.0,200.0,200.0,200.0,160.0,160.0,-0.0,-0.0,-0.0,-0.0,-0.0,-0.0,-0.0,-0.0,-0.0,45239.43359375,15833.80078125,45239.43359375,45239.43359375,45239.43359375,36191.2109375,36191.546875,-0.0,-0.0,-0.0,400.0,400.0,400.0,400.0,400.0,400.0,0.0,0.0,0.0,0.0,0.0,0.0,0.0,0.0,0.0,0.0,0.0,0.0,0.0,0.0,0.0,0.0,226.19715881347656,226.19715881347656,226.19715881347656,226.19715881347656,226.19715881347656,226.19715881347656,226.19715881347656,0.0,0.0,0.0,360.1022033691406,359.2652587890625,360.0660400390625,364.8217468261719,358.3113098144531,363.1253356933594,180.08970642089844,222.61856079101562,265.47216796875,259.2639465332031,262.343017578125,291.0785827636719,268.51092529296875,0.0,0.0,0.0,0.0,0.0,0.0,0.0,0.0,0.0,265.4953308105469,82.92337036132812,265.4953308105469,265.4953308105469,265.4953308105469,212.39431762695312,212.39627075195312,0.0,0.0,0.0,0.0,0.0,0.0,0.0,0.0,0.0,1.9245395208034033e-12,2.9412094981751125e-10,1.7300425415173182e-12,1.7300425415173182e-12,1.7300425415173182e-12,0.001944790012203157,2.162553122686539e-12,0.0,0.0,0.0,0.0,0.0,0.0,0.0,0.0,0.0,265.4953308105469,82.92337036132812,265.4953308105469,265.4953308105469,265.4953308105469,212.39627075195312,212.39627075195312,0.0,0.0,0.0,0.0,0.0,0.0,0.0,0.0,0.0,60054.29296875,18757.029296875,60054.29296875,60054.29296875,60054.29296875,48042.9921875,48043.43359375,0.0,0.0,0.0,530.9906616210938,530.9906616210938,530.9906616210938,530.9906616210938,530.9906616210938,530.9906616210938,0.0,0.0,0.0,0.0,0.0,0.0,0.0,0.0,0.0,0.0,1569.6953125,0.0019447903614491224,1569.697265625,355060.625,3185.944091796875,1189.99853515625,0.0014840124640613794,1190.0,269174.28125,2400.0,226.19715881347656,1.2470693491195561e-06,320.479736328125
2020-06-03 00:00:00,-0.0,-0.0,-0.0,-0.0,-0.0,-0.0,200.0,70.0,200.0,200.0,200.0,159.99844360351562,160.0,-0.0,-0.0,-0.0,-0.0,-0.0,-0.0,-0.0,-0.0,-0.0,3.4442360637285287e-32,1.4322991736837183e-28,3.0961563172763133e-32,3.0961563172763133e-32,3.0961563172763133e-32,0.001558544347062707,7.558973517418915e-32,-0.0,-0.0,-0.0,-0.0,-0.0,-0.0,-0.0,-0.0,-0.0,200.0,70.0,200.0,200.0,200.0,160.0,160.0,-0.0,-0.0,-0.0,-0.0,-0.0,-0.0,-0.0,-0.0,-0.0,45239.43359375,15833.80078125,45239.43359375,45239.43359375,45239.43359375,36191.19140625,36191.546875,-0.0,-0.0,-0.0,400.0,400.0,400.0,400.0,400.0,400.0,0.0,0.0,0.0,0.0,0.0,0.0,0.0,0.0,0.0,0.0,0.0,0.0,0.0,0.0,0.0,0.0,226.19715881347656,226.19715881347656,226.19715881347656,226.19715881347656,226.19715881347656,226.19715881347656,226.19715881347656,0.0,0.0,0.0,367.02587890625,366.61090087890625,366.99822998046875,372.5024719238281,365.1373596191406,370.7884521484375,178.49862670898438,221.87481689453125,263.8409423828125,257.5731201171875,260.664306640625,289.64666748046875,266.96942138671875,0.0,0.0,0.0,0.0,0.0,0.0,0.0,0.0,0.0,400.0,130.0,400.0,400.0,400.0,319.99700927734375,320.0,0.0,0.0,0.0,0.0,0.0,0.0,0.0,0.0,0.0,1.9245395208034033e-12,2.9412094981751125e-10,1.7300425415173182e-12,1.7300425415173182e-12,1.7300425415173182e-12,0.0029929475858807564,2.162553122686539e-12,0.0,0.0,0.0,0.0,0.0,0.0,0.0,0.0,0.0,400.0,130.0,400.0,400.0,400.0,320.0,320.0,0.0,0.0,0.0,0.0,0.0,0.0,0.0,0.0,0.0,90478.8671875,29405.630859375,90478.8671875,90478.8671875,90478.8671875,72382.4140625,72383.09375,0.0,0.0,0.0,800.0,800.0,800.0,800.0,800.0,800.0,0.0,0.0,0.0,0.0,0.0,0.0,0.0,0.0,0.0,0.0,2369.9970703125,0.0029929478187114,2370.0,536086.5625,4800.0,1189.9984130859375,0.001558544347062707,1190.0,269174.28125,2400.0,226.19715881347656,1.3097011333229602e-06,320.4828796386719
2020-06-04 00:00:00,-0.0,-0.0,-0.0,-0.0,-0.0,-0.0,193.76731872558594,75.0,200.0,200.0,200.0,159.9984130859375,160.0,-0.0,-0.0,-0.0,-0.0,-0.0,-0.0,-0.0,-0.0,-0.0,2.146371660403251e-39,2.5502197838549016e-35,1.9294562633196266e-39,1.9294562633196266e-39,1.9294562633196266e-39,0.0015942524187266827,5.888230923720523e-39,-0.0,-0.0,-0.0,-0.0,-0.0,-0.0,-0.0,-0.0,-0.0,193.76731872558594,75.0,200.0,200.0,200.0,160.0,160.0,-0.0,-0.0,-0.0,-0.0,-0.0,-0.0,-0.0,-0.0,-0.0,43829.6171875,16964.787109375,45239.43359375,45239.43359375,45239.43359375,36191.18359375,36191.546875,-0.0,-0.0,-0.0,400.0,400.0,400.0,400.0,400.0,400.0,0.0,0.0,0.0,0.0,0.0,0.0,0.0,0.0,0.0,0.0,0.0,0.0,0.0,0.0,0.0,0.0,226.19715881347656,226.19715881347656,226.19715881347656,226.19715881347656,226.19715881347656,226.19715881347656,226.19715881347656,0.0,0.0,0.0,380.3162536621094,380.67950439453125,380.0859069824219,386.82958984375,378.23345947265625,385.2245178222656,174.0,208.6917266845703,255.7357940673828,246.27015686035156,255.58590698242188,287.05816650390625,262.6558532714844,0.0,0.0,0.0,0.0,0.0,0.0,0.0,0.0,0.0,593.767333984375,205.0,600.0,600.0,600.0,479.99542236328125,480.0,0.0,0.0,0.0,0.0,0.0,0.0,0.0,0.0,0.0,1.9245395208034033e-12,2.9412094981751125e-10,1.7300425415173182e-12,1.7300425415173182e-12,1.7300425415173182e-12,0.004587200004607439,2.162553122686539e-12,0.0,0.0,0.0,0.0,0.0,0.0,0.0,0.0,0.0,593.767333984375,205.0,600.0,600.0,600.0,480.0,480.0,0.0,0.0,0.0,0.0,0.0,0.0,0.0,0.0,0.0,134308.484375,46370.41796875,135718.296875,135718.296875,135718.296875,108573.6015625,108574.640625,0.0,0.0,0.0,1200.0,1200.0,1200.0,1200.0,1200.0,1200.0,0.0,0.0,0.0,0.0,0.0,0.0,0.0,0.0,0.0,0.0,3558.7626953125,0.004587200004607439,3558.767333984375,804982.0,7200.0,1188.7657470703125,0.0015942524187266827,1188.767333984375,268895.4375,2400.0,226.19715881347656,1.3410971178018372e-06,320.4876403808594
2020-06-05 00:00:00,-0.0,-0.0,-0.0,-0.0,-0.0,-0.0,178.1401824951172,80.15318298339844,200.0,200.0,200.0,159.9983673095703,160.0,-0.0,-0.0,-0.0,-0.0,-0.0,-0.0,-0.0,-0.0,-0.0,0.0,4.237526556118247e-42,0.0,0.0,0.0,0.0016375720733776689,0.0,-0.0,-0.0,-0.0,-0.0,-0.0,-0.0,-0.0,-0.0,-0.0,178.1401824951172,80.15318298339844,200.0,200.0,200.0,160.0,160.0,-0.0,-0.0,-0.0,-0.0,-0.0,-0.0,-0.0,-0.0,-0.0,40294.8046875,18130.421875,45239.43359375,45239.43359375,45239.43359375,36191.17578125,36191.546875,-0.0,-0.0,-0.0,400.0,400.0,400.0,371.97906494140625,400.0,378.7207336425781,0.0,0.0,0.0,0.0,0.0,0.0,0.0,0.0,0.0,0.0,0.0,0.0,0.0,0.0,0.0,0.0,226.19715881347656,226.19715881347656,226.19715881347656,226.19715881347656,226.19715881347656,226.19715881347656,226.19715881347656,0.0,0.0,0.0,394.0983581542969,395.0172424316406,380.8552551269531,400.0,395.8216247558594,400.0,164.0,170.0,254.0915985107422,241.39695739746094,250.793212890625,286.16729736328125,253.65155029296875,0.0,0.0,0.0,0.0,0.0,0.0,0.0,0.0,0.0,771.9075317382812,285.1531982421875,800.0,800.0,800.0,639.9937744140625,640.0,0.0,0.0,0.0,0.0,0.0,0.0,0.0,0.0,0.0,1.9245395208034033e-12,2.9412094981751125e-10,1.7300425415173182e-12,1.7300425415173182e-12,1.7300425415173182e-12,0.006224771961569786,2.162553122686539e-12,0.0,0.0,0.0,0.0,0.0,0.0,0.0,0.0,0.0,771.9075317382812,285.1531982421875,800.0,800.0,800.0,640.0,640.0,0.0,0.0,0.0,0.0,0.0,0.0,0.0,0.0,0.0,174603.28125,64500.83984375,180957.734375,180957.734375,180957.734375,144764.78125,144766.1875,0.0,0.0,0.0,1600.0,1600.0,1600.0,1571.9791259765625,1600.0,1578.720703125,0.0,0.0,0.0,0.0,0.0,0.0,0.0,0.0,0.0,0.0,4737.0546875,0.006224772427231073,4737.060546875,1071508.25,9550.7001953125,1178.291748046875,0.0016375720733776689,1178.2933349609375,266526.25,2350.69970703125,226.19715881347656,1.3897830513087683e-06,320.4920959472656
2020-06-08 00:00:00,-0.0,-0.0,-0.0,-0.0,-0.0,-0.0,175.66464233398438,79.63081359863281,200.0,200.0,200.0,159.998291015625,160.0,-0.0,-0.0,-0.0,-0.0,-0.0,-0.0,-0.0,-0.0,-0.0,0.0,0.0,0.0,0.0,0.0,0.0017096635419875383,0.0,-0.0,-0.0,-0.0,-0.0,-0.0,-0.0,-0.0,-0.0,-0.0,175.66464233398438,79.63081359863281,200.0,200.0,200.0,160.0,160.0,-0.0,-0.0,-0.0,-0.0,-0.0,-0.0,-0.0,-0.0,-0.0,39734.84375,18012.263671875,45229.72265625,45222.18359375,45227.62109375,36191.16015625,36189.5859375,-0.0,-0.0,-0.0,237.87364196777344,225.05284118652344,275.2684326171875,218.43032836914062,230.7219696044922,216.04454040527344,0.0,0.0,0.0,0.0,0.0,0.0,0.0,0.0,0.0,0.0,0.0,0.0,0.0,0.0,0.0,0.0,226.19715881347656,226.19715881347656,226.1486053466797,226.1109161376953,226.1381072998047,226.19715881347656,226.18490600585938,0.0,0.0,0.0,400.0,400.0,400.0,400.0,400.0,400.0,164.0,170.0,249.01715087890625,234.9935760498047,245.33694458007812,284.662841796875,249.6133575439453,0.0,0.0,0.0,0.0,0.0,0.0,0.0,0.0,0.0,1298.9014892578125,524.0455932617188,1400.0,1400.0,1400.0,1119.9886474609375,1120.0,0.0,0.0,0.0,0.0,0.0,0.0,0.0,0.0,0.0,1.9245395208034033e-12,2.9412094981751125e-10,1.7300425415173182e-12,1.7300425415173182e-12,1.7300425415173182e-12,0.011353762820363045,2.162553122686539e-12,0.0,0.0,0.0,0.0,0.0,0.0,0.0,0.0,0.0,1298.9014892578125,524.0455932617188,1400.0,1400.0,1400.0,1120.0,1120.0,0.0,0.0,0.0,0.0,0.0,0.0,0.0,0.0,0.0,293807.8125,118537.6328125,316646.90625,316624.28125,316640.59375,253338.25,253334.9375,0.0,0.0,0.0,2313.620849609375,2275.158447265625,2425.80517578125,2227.27001953125,2292.166015625,2226.854248046875,0.0,0.0,0.0,0.0,0.0,0.0,0.0,0.0,0.0,0.0,8262.935546875,0.011353762820363045,8262.947265625,1868930.375,13760.875,1175.293701171875,0.0017096635419875383,1175.29541015625,265807.375,1403.3917236328125,226.16250610351562,1.4546669717674376e-06,320.47003173828125
2020-06-17 00:00:00,-0.0,-0.0,-0.0,-0.0,-0.0,-0.0,168.8983154296875,78.81295776367188,200.0,200.0,200.0,159.99819946289062,160.0,-0.0,-0.0,-0.0,-0.0,-0.0,-0.0,-0.0,-0.0,-0.0,0.0,0.0,0.0,0.0,0.0,0.0018012378131970763,0.0,-0.0,-0.0,-0.0,-0.0,-0.0,-0.0,-0.0,-0.0,-0.0,168.8983154296875,78.81295776367188,200.0,200.0,200.0,160.0,160.0,-0.0,-0.0,-0.0,-0.0,-0.0,-0.0,-0.0,-0.0,-0.0,38204.31640625,17827.267578125,45198.1171875,45181.4921875,45192.99609375,36191.13671875,36166.00390625,-0.0,-0.0,-0.0,104.14408874511719,94.56572723388672,113.0683364868164,99.47277069091797,100.73395538330078,96.70235443115234,0.0,0.0,0.0,0.0,0.0,0.0,0.0,0.0,0.0,0.0,0.0,0.0,0.0,0.0,0.0,0.0,226.19715881347656,226.19715881347656,225.99058532714844,225.90745544433594,225.9649658203125,226.19715881347656,226.0375213623047,0.0,0.0,0.0,400.0,400.0,400.0,400.0,400.0,400.0,164.0,170.0,243.703857421875,229.4745635986328,239.9551544189453,282.6701965332031,245.46270751953125,0.0,0.0,0.0,0.0,0.0,0.0,0.0,0.0,0.0,2818.986328125,1233.3621826171875,3200.0,3200.0,3200.0,2559.972412109375,2560.0,0.0,0.0,0.0,0.0,0.0,0.0,0.0,0.0,0.0,1.9245395208034033e-12,2.9412094981751125e-10,1.7300425415173182e-12,1.7300425415173182e-12,1.7300425415173182e-12,0.02756490372121334,2.162553122686539e-12,0.0,0.0,0.0,0.0,0.0,0.0,0.0,0.0,0.0,2818.986328125,1233.3621826171875,3200.0,3200.0,3200.0,2560.0,2560.0,0.0,0.0,0.0,0.0,0.0,0.0,0.0,0.0,0.0,637646.6875,278983.03125,723429.9375,723257.6875,723377.5625,579058.5,578828.9375,0.0,0.0,0.0,3250.917724609375,3126.25,3443.42041015625,3122.52490234375,3198.771484375,3097.175537109375,0.0,0.0,0.0,0.0,0.0,0.0,0.0,0.0,0.0,0.0,18772.3203125,0.02756490372121334,18772.34765625,4244582.5,19239.060546875,1167.70947265625,0.0018012378131970763,1167.7113037109375,263961.3125,608.687255859375,226.05052185058594,1.542537006571365e-06,320.3187561035156
2020-07-02 01:00:00,-0.0,-0.0,-0.0,-0.0,-0.0,-0.0,160.74520874023438,77.81755828857422,200.0,200.0,200.0,159.9981231689453,160.0,-0.0,-0.0,-0.0,-0.0,-0.0,-0.0,-0.0,-0.0,-0.0,0.0,0.0,0.0,0.0,0.0,0.0018718540668487549,0.0,-0.0,-0.0,-0.0,-0.0,-0.0,-0.0,-0.0,-0.0,-0.0,160.74520874023438,77.81755828857422,200.0,200.0,200.0,160.0,160.0,-0.0,-0.0,-0.0,-0.0,-0.0,-0.0,-0.0,-0.0,-0.0,36360.109375,17602.111328125,45237.27734375,45343.32421875,45273.16015625,36191.12109375,36149.46875,-0.0,-0.0,-0.0,50.44158172607422,44.59918212890625,51.04338836669922,52.601890563964844,48.96584701538086,49.499961853027344,0.0,0.0,0.0,0.0,0.0,0.0,0.0,0.0,0.0,0.0,0.0,0.0,0.0,0.0,0.0,0.0,226.19715881347656,226.19715881347656,226.18638610839844,226.71661376953125,226.3657989501953,226.19715881347656,225.93417358398438,0.0,0.0,0.0,400.0,400.0,400.0,400.0,400.0,400.0,164.0,170.0,238.34176635742188,223.62940979003906,234.321533203125,281.000732421875,243.08506774902344,0.0,0.0,0.0,0.0,0.0,0.0,0.0,0.0,0.0,5236.8623046875,2403.867919921875,6208.33349609375,6208.33349609375,6208.33349609375,4966.61083984375,4966.66650390625,0.0,0.0,0.0,0.0,0.0,0.0,0.0,0.0,0.0,1.9245395208034033e-12,2.9412094981751125e-10,1.7300425415173182e-12,1.7300425415173182e-12,1.7300425415173182e-12,0.05572070926427841,2.162553122686539e-12,0.0,0.0,0.0,0.0,0.0,0.0,0.0,0.0,0.0,5236.8623046875,2403.867919921875,6208.33349609375,6208.33349609375,6208.33349609375,4966.66650390625,4966.66650390625,0.0,0.0,0.0,0.0,0.0,0.0,0.0,0.0,0.0,1184563.375,543748.125,1403874.0,1405296.875,1404361.25,1123433.25,1122577.25,0.0,0.0,0.0,4009.64306640625,3797.09619140625,4211.19775390625,3913.7451171875,3935.29931640625,3841.7373046875,0.0,0.0,0.0,0.0,0.0,0.0,0.0,0.0,0.0,0.0,36199.0078125,0.05572070926427841,36199.0625,8187854.0,23708.71875,1158.5609130859375,0.0018718540668487549,1158.562744140625,262156.5625,297.15185546875,226.27777099609375,1.615669134480413e-06,320.017578125
2020-07-03 01:00:00,-0.0,-0.0,-0.0,-0.0,-0.0,-0.0,160.21466064453125,77.75233459472656,200.0,200.0,200.0,159.9981231689453,160.0,-0.0,-0.0,-0.0,-0.0,-0.0,-0.0,-0.0,-0.0,-0.0,0.0,0.0,0.0,0.0,0.0,0.0018762964755296707,0.0,-0.0,-0.0,-0.0,-0.0,-0.0,-0.0,-0.0,-0.0,-0.0,160.21466064453125,77.75233459472656,200.0,200.0,200.0,160.0,160.0,-0.0,-0.0,-0.0,-0.0,-0.0,-0.0,-0.0,-0.0,-0.0,36240.1015625,17587.357421875,45255.69921875,45367.9453125,45293.69921875,36191.12109375,36148.71875,-0.0,-0.0,-0.0,47.157596588134766,41.55097579956055,48.90939712524414,49.703407287597656,45.8387565612793,46.63175582885742,0.0,0.0,0.0,0.0,0.0,0.0,0.0,0.0,0.0,0.0,0.0,0.0,0.0,0.0,0.0,0.0,226.19715881347656,226.19715881347656,226.27850341796875,226.8397216796875,226.46849060058594,226.19715881347656,225.9294891357422,0.0,0.0,0.0,400.0,400.0,400.0,400.0,400.0,400.0,164.0,170.0,238.00547790527344,223.26585388183594,233.96804809570312,280.8957214355469,242.94027709960938,0.0,0.0,0.0,0.0,0.0,0.0,0.0,0.0,0.0,5397.07666015625,2481.620361328125,6408.33349609375,6408.33349609375,6408.33349609375,5126.60888671875,5126.66650390625,0.0,0.0,0.0,0.0,0.0,0.0,0.0,0.0,0.0,1.9245395208034033e-12,2.9412094981751125e-10,1.7300425415173182e-12,1.7300425415173182e-12,1.7300425415173182e-12,0.05759700387716293,2.162553122686539e-12,0.0,0.0,0.0,0.0,0.0,0.0,0.0,0.0,0.0,5397.07666015625,2481.620361328125,6408.33349609375,6408.33349609375,6408.33349609375,5126.66650390625,5126.66650390625,0.0,0.0,0.0,0.0,0.0,0.0,0.0,0.0,0.0,1220803.5,561335.5,1449129.75,1450664.75,1449655.0,1159624.375,1158726.0,0.0,0.0,0.0,4056.80078125,3838.647216796875,4260.107421875,3963.448486328125,3981.13818359375,3888.369140625,0.0,0.0,0.0,0.0,0.0,0.0,0.0,0.0,0.0,0.0,37356.97265625,0.05759700387716293,37357.03125,8449939.0,23988.51171875,1157.965087890625,0.0018762964755296707,1157.967041015625,262084.640625,279.7919006347656,226.33206176757812,1.6203367749767494e-06,319.9970703125
2020-07-04 01:00:00,-0.0,-0.0,-0.0,-0.0,-0.0,-0.0,159.69834899902344,77.68794250488281,200.0,200.0,200.0,159.9981231689453,160.0,-0.0,-0.0,-0.0,-0.0,-0.0,-0.0,-0.0,-0.0,-0.0,0.0,0.0,0.0,0.0,0.0,0.001880486262962222,0.0,-0.0,-0.0,-0.0,-0.0,-0.0,-0.0,-0.0,-0.0,-0.0,159.69834899902344,77.68794250488281,200.0,200.0,200.0,160.0,160.0,-0.0,-0.0,-0.0,-0.0,-0.0,-0.0,-0.0,-0.0,-0.0,36123.3125,17572.791015625,45273.82421875,45392.10546875,45313.8984375,36191.12109375,36148.015625,-0.0,-0.0,-0.0,44.66676330566406,38.782493591308594,47.26985168457031,47.01203536987305,42.981693267822266,43.984981536865234,0.0,0.0,0.0,0.0,0.0,0.0,0.0,0.0,0.0,0.0,0.0,0.0,0.0,0.0,0.0,0.0,226.19715881347656,226.19715881347656,226.36912536621094,226.96054077148438,226.5695037841797,226.19715881347656,225.9250946044922,0.0,0.0,0.0,400.0,400.0,400.0,400.0,400.0,400.0,164.0,170.0,237.67257690429688,222.90499877929688,233.61692810058594,280.79486083984375,242.7955322265625,0.0,0.0,0.0,0.0,0.0,0.0,0.0,0.0,0.0,5556.77490234375,2559.308349609375,6608.33349609375,6608.33349609375,6608.33349609375,5286.607421875,5286.66650390625,0.0,0.0,0.0,0.0,0.0,0.0,0.0,0.0,0.0,1.9245395208034033e-12,2.9412094981751125e-10,1.7300425415173182e-12,1.7300425415173182e-12,1.7300425415173182e-12,0.059477489441633224,2.162553122686539e-12,0.0,0.0,0.0,0.0,0.0,0.0,0.0,0.0,0.0,5556.77490234375,2559.308349609375,6608.33349609375,6608.33349609375,6608.33349609375,5286.66650390625,5286.66650390625,0.0,0.0,0.0,0.0,0.0,0.0,0.0,0.0,0.0,1256926.75,578908.25,1494403.5,1496056.875,1494968.875,1195815.5,1194874.0,0.0,0.0,0.0,4101.4677734375,3877.4296875,4307.37744140625,4010.46044921875,4024.119873046875,3932.354248046875,0.0,0.0,0.0,0.0,0.0,0.0,0.0,0.0,0.0,0.0,38514.35546875,0.05947749316692352,38514.41796875,8711954.0,24253.208984375,1157.3843994140625,0.001880486262962222,1157.38623046875,262015.078125,264.69781494140625,226.38552856445312,1.6247697658400284e-06,319.9764099121094
2020-07-05 01:00:00,-0.0,-0.0,-0.0,-0.0,-0.0,-0.0,159.19534301757812,77.62451934814453,200.0,200.0,200.0,159.9981231689453,160.0,-0.0,-0.0,-0.0,-0.0,-0.0,-0.0,-0.0,-0.0,-0.0,0.0,0.0,0.0,0.0,0.0,0.0018844568403437734,0.0,-0.0,-0.0,-0.0,-0.0,-0.0,-0.0,-0.0,-0.0,-0.0,159.19534301757812,77.62451934814453,200.0,200.0,200.0,160.0,160.0,-0.0,-0.0,-0.0,-0.0,-0.0,-0.0,-0.0,-0.0,-0.0,36009.53515625,17558.4453125,45291.65234375,45415.8125,45333.76171875,36191.12109375,36147.35546875,-0.0,-0.0,-0.0,42.379981994628906,36.263607025146484,45.732051849365234,44.5076904296875,40.74935531616211,41.53675842285156,0.0,0.0,0.0,0.0,0.0,0.0,0.0,0.0,0.0,0.0,0.0,0.0,0.0,0.0,0.0,0.0,226.19715881347656,226.19715881347656,226.45826721191406,227.07907104492188,226.66880798339844,226.19715881347656,225.9209747314453,0.0,0.0,0.0,400.0,400.0,400.0,400.0,400.0,400.0,164.0,170.0,237.34829711914062,222.5538330078125,233.27362060546875,280.69842529296875,242.65350341796875,0.0,0.0,0.0,0.0,0.0,0.0,0.0,0.0,0.0,5715.970703125,2636.932861328125,6808.33349609375,6808.33349609375,6808.33349609375,5446.60546875,5446.66650390625,0.0,0.0,0.0,0.0,0.0,0.0,0.0,0.0,0.0,1.9245395208034033e-12,2.9412094981751125e-10,1.7300425415173182e-12,1.7300425415173182e-12,1.7300425415173182e-12,0.061361949890851974,2.162553122686539e-12,0.0,0.0,0.0,0.0,0.0,0.0,0.0,0.0,0.0,5715.970703125,2636.932861328125,6808.33349609375,6808.33349609375,6808.33349609375,5446.66650390625,5446.66650390625,0.0,0.0,0.0,0.0,0.0,0.0,0.0,0.0,0.0,1292936.25,596466.6875,1539695.125,1541472.75,1540302.625,1232006.625,1231021.25,0.0,0.0,0.0,4143.84765625,3913.693115234375,4353.109375,4054.96826171875,4064.869140625,3973.890869140625,0.0,0.0,0.0,0.0,0.0,0.0,0.0,0.0,0.0,0.0,39671.17578125,0.061361949890851974,39671.23828125,8973902.0,24504.37890625,1156.8179931640625,0.0018844568403437734,1156.81982421875,261947.6875,251.16944885253906,226.4381103515625,1.6289976656480576e-06,319.95562744140625
2020-07-07 01:00:00,-0.0,-0.0,-0.0,-0.0,-0.0,-0.0,158.22059631347656,77.49992370605469,200.0,200.0,200.0,159.99810791015625,159.99996948242188,-0.0,-0.0,-0.0,-0.0,-0.0,-0.0,-0.0,-0.0,-0.0,0.0,0.0,0.0,0.0,0.0,0.0018916965927928686,0.0,-0.0,-0.0,-0.0,-0.0,-0.0,-0.0,-0.0,-0.0,-0.0,158.22059631347656,77.49992370605469,200.0,200.0,200.0,160.0,159.99996948242188,-0.0,-0.0,-0.0,-0.0,-0.0,-0.0,-0.0,-0.0,-0.0,35789.046875,17530.26171875,45326.19921875,45461.578125,45372.26171875,36191.1171875,36166.20703125,-0.0,-0.0,-0.0,39.448341369628906,34.29814910888672,42.956295013427734,40.130638122558594,37.93206787109375,37.376556396484375,0.0,0.0,0.0,0.0,0.0,0.0,0.0,0.0,0.0,0.0,0.0,0.0,0.0,0.0,0.0,0.0,226.19715881347656,226.19715881347656,226.63099670410156,227.30789184570312,226.86129760742188,226.19715881347656,226.03883361816406,0.0,0.0,0.0,400.0,400.0,400.0,400.0,400.0,400.0,164.0,170.0,236.72332763671875,221.87831115722656,232.6086883544922,280.51953125,242.3780517578125,0.0,0.0,0.0,0.0,0.0,0.0,0.0,0.0,0.0,6032.41162109375,2791.9326171875,7208.33349609375,7208.33349609375,7208.33349609375,5766.6015625,5766.66650390625,0.0,0.0,0.0,0.0,0.0,0.0,0.0,0.0,0.0,1.9245395208034033e-12,2.9412094981751125e-10,1.7300425415173182e-12,1.7300425415173182e-12,1.7300425415173182e-12,0.065145343542099,2.162553122686539e-12,0.0,0.0,0.0,0.0,0.0,0.0,0.0,0.0,0.0,6032.41162109375,2791.9326171875,7208.33349609375,7208.33349609375,7208.33349609375,5766.66650390625,5766.66650390625,0.0,0.0,0.0,0.0,0.0,0.0,0.0,0.0,0.0,1364514.375,631527.25,1630347.625,1632395.875,1631047.25,1304388.875,1303353.75,0.0,0.0,0.0,4222.744140625,3982.28955078125,4439.02197265625,4135.2294921875,4140.7333984375,4048.64404296875,0.0,0.0,0.0,0.0,0.0,0.0,0.0,0.0,0.0,0.0,41982.61328125,0.065145343542099,41982.67578125,9497575.0,24968.662109375,1155.7186279296875,0.0018916965927928686,1155.720458984375,261836.671875,232.1420440673828,226.55746459960938,1.6368115893783397e-06,319.9136962890625
2020-07-08 01:00:00,-0.0,-0.0,-0.0,-0.0,-0.0,-0.0,157.75132751464844,77.43868255615234,200.0,200.0,200.0,159.99810791015625,160.0,-0.0,0.0041969590820372105,-0.0,-0.0,-0.0,-0.0,-0.0,-0.0,-0.0,0.0,0.0,0.0,0.0,0.0,0.0018952322425320745,0.0,-0.0,0.011862140148878098,-0.0,-0.0,-0.0,-0.0,-0.0,-0.0,-0.0,157.75132751464844,77.43868255615234,200.0,200.0,200.0,160.0,160.0,-0.0,0.01605909876525402,-0.0,-0.0,-0.0,-0.0,-0.0,-0.0,-0.0,35682.90234375,17516.41015625,45343.0859375,45483.91796875,45391.08984375,36191.1171875,36175.96484375,-0.0,0.011654652655124664,-0.0,38.253936767578125,33.41743087768555,41.62718963623047,38.30219650268555,36.95621109008789,35.74836349487305,0.0,0.0,0.0,0.0,0.0,0.0,0.0,0.0,0.0,0.0,0.0,0.0,0.0,0.0,0.0,0.0,226.19715881347656,226.19715881347656,226.71543884277344,227.41958618164062,226.95545959472656,226.19715881347656,226.0997772216797,0.0,2.7769277095794678,0.0,400.0,400.0,400.0,400.0,400.0,400.0,164.0,170.0,236.42518615722656,221.55406188964844,232.2891082763672,280.4318542480469,242.24136352539062,0.0,150.0,0.0,0.0,0.0,0.0,0.0,0.0,0.0,6190.1630859375,2869.371337890625,7408.33349609375,7408.33349609375,7408.33349609375,5926.599609375,5926.66650390625,0.0,0.0041969590820372105,0.0,0.0,0.0,0.0,0.0,0.0,0.0,1.9245395208034033e-12,2.9412094981751125e-10,1.7300425415173182e-12,1.7300425415173182e-12,1.7300425415173182e-12,0.0670405700802803,2.162553122686539e-12,0.0,0.011862140148878098,0.0,0.0,0.0,0.0,0.0,0.0,0.0,6190.1630859375,2869.371337890625,7408.33349609375,7408.33349609375,7408.33349609375,5926.66650390625,5926.66650390625,0.0,0.01605909876525402,0.0,0.0,0.0,0.0,0.0,0.0,0.0,1400197.25,649043.625,1675690.625,1677879.75,1676438.25,1340580.0,1339529.75,0.0,0.011654652655124664,0.0,4260.998046875,4015.70703125,4480.64892578125,4173.53173828125,4177.689453125,4084.392333984375,0.0,0.0,0.0,0.0,0.0,0.0,0.0,0.0,0.0,0.0,43137.8046875,0.0789027139544487,43137.8828125,9759359.0,25192.966796875,1155.1922607421875,0.01375737227499485,1155.2060546875,261784.5,224.30532836914062,226.6155242919922,1.190902003145311e-05,319.892578125
2020-07-09 01:00:00,-0.0,-0.0,-0.0,-0.0,-0.0,-0.0,157.29078674316406,77.37824249267578,200.0,200.0,200.0,159.99810791015625,160.0,-0.0,0.00038874088204465806,-0.0,-0.0,-0.0,-0.0,-0.0,-0.0,-0.0,0.0,0.0,0.0,0.0,0.0,0.0018986372742801905,0.0,0.014487829990684986,0.019208736717700958,-0.0,-0.0,-0.0,-0.0,-0.0,-0.0,-0.0,157.29078674316406,77.37824249267578,200.0,200.0,200.0,160.0,160.0,0.014487829990684986,0.019597478210926056,-0.0,-0.0,-0.0,-0.0,-0.0,-0.0,-0.0,35578.73046875,17502.73828125,45359.65625,45505.8125,45409.578125,36191.1171875,36185.4609375,-0.0,0.0010429037502035499,-0.0,37.26353454589844,32.57761764526367,40.35243606567383,36.70075607299805,36.06289291381836,34.57302474975586,0.0,0.0,0.0,0.0,0.0,0.0,0.0,0.0,0.0,0.0,0.0,0.0,0.0,0.0,0.0,0.0,226.19715881347656,226.19715881347656,226.79827880859375,227.529052734375,227.04788208007812,226.19715881347656,226.1591339111328,0.0,2.6827733516693115,0.0,400.0,400.0,400.0,400.0,400.0,400.0,164.0,170.0,236.1333770751953,221.2361297607422,231.9753875732422,280.3467102050781,242.1063690185547,200.0,150.0,0.0,0.0,0.0,0.0,0.0,0.0,0.0,6347.45361328125,2946.74951171875,7608.33349609375,7608.33349609375,7608.33349609375,6086.59765625,6086.66650390625,0.0,0.004585700109601021,0.0,0.0,0.0,0.0,0.0,0.0,0.0,1.9245395208034033e-12,2.9412094981751125e-10,1.7300425415173182e-12,1.7300425415173182e-12,1.7300425415173182e-12,0.068939208984375,2.162553122686539e-12,0.014487829990684986,0.031070876866579056,0.0,0.0,0.0,0.0,0.0,0.0,0.0,6347.45361328125,2946.74951171875,7608.33349609375,7608.33349609375,7608.33349609375,6086.66650390625,6086.66650390625,0.014487829990684986,0.035656578838825226,0.0,0.0,0.0,0.0,0.0,0.0,0.0,1435776.0,666546.375,1721050.25,1723385.625,1721847.875,1376771.125,1375715.125,0.0,0.012697556056082249,0.0,4298.26171875,4048.28466796875,4521.00146484375,4210.232421875,4213.75244140625,4118.96533203125,0.0,0.0,0.0,0.0,0.0,0.0,0.0,0.0,0.0,0.0,44292.47265625,0.11449791491031647,44292.5859375,10021092.0,25410.498046875,1154.66748046875,0.035595204681158066,1154.703125,261733.09375,217.53025817871094,226.67398071289062,3.0826282454654574e-05,319.87139892578125
2020-07-10 01:00:00,-0.0,-0.0,-0.0,-0.0,-0.0,-0.0,113.13178253173828,77.31849670410156,200.0,200.0,200.0,159.9980926513672,160.0,-0.0,4.689779962063767e-05,-0.0,-0.0,-0.0,-0.0,-0.0,-0.0,-0.0,0.0,0.0,0.0,0.0,0.0,0.0019019364845007658,0.0,0.014486322179436684,0.020467139780521393,-0.0,-0.0,-0.0,-0.0,-0.0,-0.0,-0.0,113.13178253173828,77.31849670410156,200.0,200.0,200.0,160.0,160.0,0.014486322179436684,0.02051403746008873,-0.0,-0.0,-0.0,-0.0,-0.0,-0.0,-0.0,25590.087890625,17489.224609375,45375.8671875,45527.0390625,45427.51953125,36191.1171875,36194.69921875,-0.0,0.0001258161646546796,-0.0,36.30331039428711,31.7735652923584,39.119712829589844,35.182804107666016,35.203060150146484,33.555023193359375,0.0,0.0,0.0,0.0,0.0,0.0,0.0,0.0,0.0,0.0,0.0,0.0,0.0,0.0,0.0,0.0,226.19715881347656,226.19715881347656,226.87933349609375,227.63519287109375,227.13758850097656,226.19715881347656,226.2168731689453,0.0,2.6827733516693115,0.0,400.0,400.0,400.0,400.0,400.0,400.0,200.0,170.0,235.85462951660156,220.9521026611328,231.69577026367188,280.2637023925781,241.9729766845703,200.0,150.0,0.0,0.0,0.0,0.0,0.0,0.0,0.0,6460.58544921875,3024.068115234375,7808.33349609375,7808.33349609375,7808.33349609375,6246.595703125,6246.66650390625,0.0,0.004632597789168358,0.0,0.0,0.0,0.0,0.0,0.0,0.0,1.9245395208034033e-12,2.9412094981751125e-10,1.7300425415173182e-12,1.7300425415173182e-12,1.7300425415173182e-12,0.07084114849567413,2.162553122686539e-12,0.028974151238799095,0.05153801664710045,0.0,0.0,0.0,0.0,0.0,0.0,0.0,6460.58544921875,3024.068115234375,7808.33349609375,7808.33349609375,7808.33349609375,6246.66650390625,6246.66650390625,0.028974151238799095,0.056170616298913956,0.0,0.0,0.0,0.0,0.0,0.0,0.0,1461366.125,684035.625,1766426.125,1768912.625,1767275.375,1412962.25,1411909.875,0.0,0.012823372147977352,0.0,4334.56494140625,4080.05810546875,4560.12109375,4245.4150390625,4248.95556640625,4152.5205078125,0.0,0.0,0.0,0.0,0.0,0.0,0.0,0.0,0.0,0.0,45402.921875,0.15135331451892853,45403.0703125,10272888.0,25621.634765625,1110.448486328125,0.03685539960861206,1110.4852294921875,251795.546875,211.13748168945312,226.75123596191406,3.318855306133628e-05,319.85107421875
2020-07-11 01:00:00,-0.0,-0.0,-0.0,-0.0,-0.0,-0.0,113.6525650024414,10.0,200.0,200.0,200.0,159.9980926513672,160.0,-0.0,5.657770088873804e-06,-0.0,-0.0,-0.0,-0.0,-0.0,-0.0,-0.0,0.0,0.0,0.0,0.0,0.0,0.001905153039842844,0.0,0.014482551254332066,0.02061488665640354,-0.0,-0.0,-0.0,-0.0,-0.0,-0.0,-0.0,113.6525650024414,10.0,200.0,200.0,200.0,160.0,160.0,0.014482551254332066,0.020620543509721756,-0.0,-0.0,-0.0,-0.0,-0.0,-0.0,-0.0,25707.88671875,2261.9716796875,45391.69140625,45547.6328125,45444.921875,36191.11328125,36203.69140625,-0.0,1.5178515241132118e-05,-0.0,35.37257385253906,31.0003662109375,37.952877044677734,34.00924301147461,34.37260818481445,32.71044921875,0.0,0.0,0.0,0.0,0.0,0.0,0.0,0.0,0.0,0.0,0.0,0.0,0.0,0.0,0.0,0.0,226.19715881347656,226.19715881347656,226.95846557617188,227.7381591796875,227.22462463378906,226.19715881347656,226.2730712890625,0.0,2.6827733516693115,0.0,400.0,400.0,400.0,400.0,400.0,400.0,200.0,292.6336975097656,235.58984375,220.6919403076172,231.44056701660156,280.18231201171875,241.84078979492188,200.0,150.0,0.0,0.0,0.0,0.0,0.0,0.0,0.0,6574.23828125,3034.068115234375,8008.33349609375,8008.33349609375,8008.33349609375,6406.59375,6406.66650390625,0.0,0.004638255573809147,0.0,0.0,0.0,0.0,0.0,0.0,0.0,1.9245395208034033e-12,2.9412094981751125e-10,1.7300425415173182e-12,1.7300425415173182e-12,1.7300425415173182e-12,0.07274629920721054,2.162553122686539e-12,0.043456703424453735,0.07215290516614914,0.0,0.0,0.0,0.0,0.0,0.0,0.0,6574.23828125,3034.068115234375,8008.33349609375,8008.33349609375,8008.33349609375,6406.66650390625,6406.66650390625,0.043456703424453735,0.07679115980863571,0.0,0.0,0.0,0.0,0.0,0.0,0.0,1487074.0,686297.5625,1811817.875,1814460.25,1812720.25,1449153.375,1448113.5,0.0,0.012838550843298435,0.0,4369.9375,4111.05859375,4598.07421875,4279.42431640625,4283.328125,4185.23095703125,0.0,0.0,0.0,0.0,0.0,0.0,0.0,0.0,0.0,0.0,46446.5703125,0.18835590779781342,46446.7578125,10509637.0,25827.052734375,1043.650634765625,0.03700258955359459,1043.6876220703125,236748.90625,205.41812133789062,226.84689331054688,3.5453700547805056e-05,319.83203125
2020-07-12 01:00:00,-0.0,-0.0,-0.0,-0.0,-0.0,-0.0,113.66956329345703,61.36589050292969,200.0,200.0,200.0,159.9980926513672,160.0,-0.0,6.826759886280342e-07,-0.0,-0.0,-0.0,-0.0,-0.0,-0.0,-0.0,0.0,0.0,0.0,0.0,0.0,0.0019082947401329875,0.0,0.014478790573775768,0.020629098638892174,-0.0,-0.0,-0.0,-0.0,-0.0,-0.0,-0.0,113.66956329345703,61.36589050292969,200.0,200.0,200.0,160.0,160.0,0.014478790573775768,0.020629780367016792,-0.0,-0.0,-0.0,-0.0,-0.0,-0.0,-0.0,25711.732421875,13880.7900390625,45407.12890625,45567.671875,45461.85546875,36191.11328125,36212.4453125,-0.0,1.8314650560569135e-06,-0.0,34.4715576171875,30.25457000732422,36.897525787353516,33.00725555419922,33.568363189697266,32.005680084228516,0.0,0.0,0.0,0.0,0.0,0.0,0.0,0.0,0.0,0.0,0.0,0.0,0.0,0.0,0.0,0.0,226.19715881347656,226.19715881347656,227.03564453125,227.83836364746094,227.3092803955078,226.19715881347656,226.32777404785156,0.0,2.6827733516693115,0.0,400.0,400.0,400.0,400.0,400.0,400.0,200.0,200.0,235.33726501464844,220.44268798828125,231.1967315673828,280.1024475097656,241.70982360839844,200.0,150.0,0.0,0.0,0.0,0.0,0.0,0.0,0.0,6687.90771484375,3095.43408203125,8208.3330078125,8208.3330078125,8208.3330078125,6566.591796875,6566.66650390625,0.0,0.00463893823325634,0.0,0.0,0.0,0.0,0.0,0.0,0.0,1.9245395208034033e-12,2.9412094981751125e-10,1.7300425415173182e-12,1.7300425415173182e-12,1.7300425415173182e-12,0.07465459406375885,2.162553122686539e-12,0.05793549492955208,0.09278200566768646,0.0,0.0,0.0,0.0,0.0,0.0,0.0,6687.90771484375,3095.43408203125,8208.3330078125,8208.3330078125,8208.3330078125,6566.66650390625,6566.66650390625,0.05793549492955208,0.09742093831300735,0.0,0.0,0.0,0.0,0.0,0.0,0.0,1512785.75,700178.375,1857225.0,1860028.0,1858182.125,1485344.5,1484326.0,0.0,0.01284038182348013,0.0,4404.4091796875,4141.31298828125,4634.9716796875,4312.431640625,4316.896484375,4217.236328125,0.0,0.0,0.0,0.0,0.0,0.0,0.0,0.0,0.0,0.0,47541.60546875,0.2253720909357071,47541.83203125,10758070.0,26027.2578125,1095.0335693359375,0.03701618313789368,1095.070556640625,248432.734375,200.2049560546875,226.8722686767578,3.380255657248199e-05,319.8118896484375
2020-07-13 01:00:00,-0.0,-0.0,-0.0,-0.0,-0.0,-0.0,113.5404281616211,61.11077117919922,200.0,200.0,200.0,159.9980926513672,160.0,-0.0,8.238725968112703e-08,-0.0,-0.0,-0.0,-0.0,-0.0,-0.0,-0.0,0.0,0.0,0.0,0.0,0.0,0.0019113547168672085,0.0,0.014475039206445217,0.020627213642001152,-0.0,-0.0,-0.0,-0.0,-0.0,-0.0,-0.0,113.5404281616211,61.11077117919922,200.0,200.0,200.0,160.0,160.0,0.014475039206445217,0.020627295598387718,-0.0,-0.0,-0.0,-0.0,-0.0,-0.0,-0.0,25682.521484375,13823.0830078125,45422.1875,45587.21484375,45478.36328125,36191.11328125,36220.96484375,-0.0,2.2102636876297765e-07,-0.0,33.59911346435547,29.533052444458008,35.87498092651367,32.18316650390625,32.788021087646484,31.32185173034668,0.0,0.0,0.0,0.0,0.0,0.0,0.0,0.0,0.0,0.0,0.0,0.0,0.0,0.0,0.0,0.0,226.19715881347656,226.19715881347656,227.11093139648438,227.9360809326172,227.39181518554688,226.19715881347656,226.3810272216797,0.0,2.6827733516693115,0.0,400.0,400.0,400.0,400.0,400.0,400.0,200.0,200.0,235.09327697753906,220.198486328125,230.95835876464844,280.024169921875,241.58056640625,200.0,150.0,0.0,0.0,0.0,0.0,0.0,0.0,0.0,6801.4482421875,3156.544677734375,8408.3330078125,8408.3330078125,8408.3330078125,6726.59033203125,6726.66650390625,0.0,0.0046390206553041935,0.0,0.0,0.0,0.0,0.0,0.0,0.0,1.9245395208034033e-12,2.9412094981751125e-10,1.7300425415173182e-12,1.7300425415173182e-12,1.7300425415173182e-12,0.0765659511089325,2.162553122686539e-12,0.07241053134202957,0.11340921372175217,0.0,0.0,0.0,0.0,0.0,0.0,0.0,6801.4482421875,3156.544677734375,8408.3330078125,8408.3330078125,8408.3330078125,6726.66650390625,6726.66650390625,0.07241053134202957,0.11804823577404022,0.0,0.0,0.0,0.0,0.0,0.0,0.0,1538468.25,714001.4375,1902647.125,1905615.125,1903660.5,1521535.625,1520547.0,0.0,0.012840603478252888,0.0,4438.00830078125,4170.84619140625,4670.8466796875,4344.61474609375,4349.6845703125,4248.55859375,0.0,0.0,0.0,0.0,0.0,0.0,0.0,0.0,0.0,0.0,48636.25390625,0.26238569617271423,48636.515625,11006475.0,26222.55859375,1094.6492919921875,0.03701360896229744,1094.686279296875,248405.453125,195.30018615722656,226.92697143554688,3.381206624908373e-05,319.79180908203125
2020-07-16 01:00:00,-0.0,-0.0,-0.0,-0.0,-0.0,-0.0,112.77445220947266,60.9238395690918,200.0,200.0,200.0,159.99807739257812,160.0,-0.0,3.6049057072773394e-09,-0.0,-0.0,-0.0,-0.0,-0.0,-0.0,-0.0,0.0,0.0,0.0,0.0,0.0,0.0019202508265152574,0.0,0.014463873580098152,0.02061532810330391,-0.0,-0.0,-0.0,-0.0,-0.0,-0.0,-0.0,112.77445220947266,60.9238395690918,200.0,200.0,200.0,160.0,160.0,0.014463873580098152,0.02061532996594906,-0.0,-0.0,-0.0,-0.0,-0.0,-0.0,-0.0,25509.26171875,13780.7998046875,45464.73046875,45642.578125,45525.16796875,36191.109375,36244.94921875,-0.0,9.671145662082381e-09,-0.0,31.207765579223633,27.605077743530273,33.08280563354492,30.32206916809082,30.633955001831055,29.430511474609375,0.0,0.0,0.0,0.0,0.0,0.0,0.0,0.0,0.0,0.0,0.0,0.0,0.0,0.0,0.0,0.0,226.19715881347656,226.19715881347656,227.32363891601562,228.212890625,227.62583923339844,226.19715881347656,226.5309295654297,0.0,2.6827733516693115,0.0,400.0,400.0,400.0,400.0,400.0,400.0,200.0,200.0,234.39463806152344,219.46482849121094,230.24278259277344,279.79486083984375,241.19644165039062,200.0,150.0,0.0,0.0,0.0,0.0,0.0,0.0,0.0,7139.771484375,3339.316162109375,9008.3330078125,9008.3330078125,9008.3330078125,7206.58447265625,7206.66650390625,0.0,0.004639031365513802,0.0,0.0,0.0,0.0,0.0,0.0,0.0,1.9245395208034033e-12,2.9412094981751125e-10,1.7300425415173182e-12,1.7300425415173182e-12,1.7300425415173182e-12,0.08232670277357101,2.162553122686539e-12,0.11580215394496918,0.1752551943063736,0.0,0.0,0.0,0.0,0.0,0.0,0.0,7139.771484375,3339.316162109375,9008.3330078125,9008.3330078125,9008.3330078125,7206.66650390625,7206.66650390625,0.11580215394496918,0.17989422380924225,0.0,0.0,0.0,0.0,0.0,0.0,0.0,1614996.0,755343.875,2039041.375,2042542.875,2040236.0,1630108.875,1629281.75,0.0,0.0128406323492527,0.0,4531.63134765625,4253.6611328125,4770.09521484375,4435.5810546875,4441.58642578125,4336.85009765625,0.0,0.0,0.0,0.0,0.0,0.0,0.0,0.0,0.0,0.0,51917.34375,0.3733840584754944,51917.71484375,11751551.0,26769.40625,1093.6964111328125,0.036999452859163284,1093.7333984375,248358.59375,182.2821807861328,227.08184814453125,3.3828582672867924e-05,319.7307434082031
2020-07-25 01:00:00,-0.0,-0.0,-0.0,-0.0,-0.0,-0.0,110.0463638305664,60.54244613647461,200.0,200.0,200.0,159.998046875,160.0,-0.0,5.41896527650465e-11,-0.0,-0.0,-0.0,-0.0,-0.0,-0.0,-0.0,0.0,0.0,0.0,0.0,0.0,0.0019455131841823459,0.0,0.014431136660277843,0.02057977207005024,-0.0,-0.0,-0.0,-0.0,-0.0,-0.0,-0.0,110.0463638305664,60.54244613647461,200.0,200.0,200.0,160.0,160.0,0.014431136660277843,0.02057977207005024,-0.0,-0.0,-0.0,-0.0,-0.0,-0.0,-0.0,24892.17578125,13694.529296875,45573.35546875,45783.7578125,45645.14453125,36191.10546875,36305.3203125,-0.0,1.4537855641538755e-10,-0.0,25.867948532104492,23.125167846679688,26.776592254638672,25.74390983581543,25.389734268188477,24.761213302612305,0.0,0.0,0.0,0.0,0.0,0.0,0.0,0.0,0.0,0.0,0.0,0.0,0.0,0.0,0.0,0.0,226.19715881347656,226.19715881347656,227.86679077148438,228.91879272460938,228.22572326660156,226.19715881347656,226.9082489013672,0.0,2.6827735900878906,0.0,400.0,400.0,400.0,400.0,400.0,400.0,200.0,200.0,232.43043518066406,217.3515625,228.17628479003906,279.134033203125,240.0880889892578,200.0,150.0,0.0,0.0,0.0,0.0,0.0,0.0,0.0,8130.18896484375,3884.1982421875,10808.3330078125,10808.3330078125,10808.3330078125,8646.56640625,8646.6669921875,0.0,0.004639031831175089,0.0,0.0,0.0,0.0,0.0,0.0,0.0,1.9245395208034033e-12,2.9412094981751125e-10,1.7300425415173182e-12,1.7300425415173182e-12,1.7300425415173182e-12,0.0998363196849823,2.162553122686539e-12,0.24568238854408264,0.3604731559753418,0.0,0.0,0.0,0.0,0.0,0.0,0.0,8130.18896484375,3884.1982421875,10808.3330078125,10808.3330078125,10808.3330078125,8646.6669921875,8646.6669921875,0.24568238854408264,0.36511218547821045,0.0,0.0,0.0,0.0,0.0,0.0,0.0,1839025.625,878594.625,2449201.5,2454596.75,2451042.25,1955828.875,1956029.625,0.0,0.012840633280575275,0.0,4764.44287109375,4461.78759765625,5011.08447265625,4667.2763671875,4670.09423828125,4559.70068359375,0.0,0.0,0.0,0.0,0.0,0.0,0.0,0.0,0.0,0.0,61732.625,0.7059918642044067,61733.33203125,13984319.0,28134.38671875,1090.5869140625,0.03695642203092575,1090.623779296875,248085.390625,151.66456604003906,227.4788055419922,3.388558252481744e-05,319.546142578125
2020-07-31 00:00:00,-0.0,-0.0,-0.0,-0.0,-0.0,-0.0,108.30659484863281,60.29885482788086,200.0,200.0,200.0,159.99803161621094,160.0,-0.0,1.2231220810482446e-12,-0.0,-0.0,-0.0,-0.0,-0.0,-0.0,-0.0,0.0,0.0,0.0,0.0,0.0,0.0019626182038336992,0.0,0.014409792609512806,0.02055663987994194,-0.0,-0.0,-0.0,-0.0,-0.0,-0.0,-0.0,108.30659484863281,60.29885482788086,200.0,200.0,200.0,160.0,160.0,0.014409792609512806,0.02055663987994194,-0.0,-0.0,-0.0,-0.0,-0.0,-0.0,-0.0,24498.64453125,13639.4296875,45636.07421875,45865.1484375,45714.4765625,36191.1015625,36339.66015625,-0.0,3.28135912538996e-12,-0.0,22.86551284790039,20.525423049926758,23.411577224731445,23.00963592529297,22.55912971496582,22.15547752380371,0.0,0.0,0.0,0.0,0.0,0.0,0.0,0.0,0.0,0.0,0.0,0.0,0.0,0.0,0.0,0.0,226.19715881347656,226.19715881347656,228.18035888671875,229.32574462890625,228.5723876953125,226.19715881347656,227.1228790283203,0.0,2.6827731132507324,0.0,400.0,400.0,400.0,400.0,400.0,400.0,200.0,200.0,231.2005615234375,216.03382873535156,226.88201904296875,278.6884765625,239.3565216064453,200.0,150.0,0.0,0.0,0.0,0.0,0.0,0.0,0.0,8775.515625,4243.47900390625,12000.0,12000.0,12000.0,9599.888671875,9600.0,0.0,0.004639031831175089,0.0,0.0,0.0,0.0,0.0,0.0,0.0,1.9245395208034033e-12,2.9412094981751125e-10,1.7300425415173182e-12,1.7300425415173182e-12,1.7300425415173182e-12,0.11153025180101395,2.162553122686539e-12,0.3315407335758209,0.4829564690589905,0.0,0.0,0.0,0.0,0.0,0.0,0.0,8775.515625,4243.47900390625,12000.0,12000.0,12000.0,9600.0,9600.0,0.3315407335758209,0.48759549856185913,0.0,0.0,0.0,0.0,0.0,0.0,0.0,1984996.75,959862.875,2721116.5,2727876.5,2723424.5,2171467.5,2172553.5,0.0,0.012840633280575275,0.0,4900.68359375,4584.0849609375,5150.578125,4804.37548828125,4804.5087890625,4691.71044921875,0.0,0.0,0.0,0.0,0.0,0.0,0.0,0.0,0.0,0.0,68218.890625,0.9260274767875671,68219.8125,15461298.0,28935.94140625,1088.603515625,0.03692905232310295,1088.640380859375,247884.53125,134.52674865722656,227.708740234375,3.392217695363797e-05,319.42138671875
2020-08-14 01:00:00,-0.0,-0.0,-0.0,-0.0,-0.0,-0.0,94.66848754882812,59.72810363769531,200.0,200.0,200.0,159.9980010986328,160.0,-0.0,1.1882924420109856e-14,-0.0,-0.0,-0.0,-0.0,-0.0,-0.0,-0.0,0.0,0.0,0.0,0.0,0.0,0.0020042862743139267,0.0,0.014361213892698288,0.020504308864474297,-0.0,-0.0,-0.0,-0.0,-0.0,-0.0,-0.0,94.66848754882812,59.72810363769531,200.0,200.0,200.0,160.0,160.0,0.014361213892698288,0.020504308864474297,-0.0,-0.0,-0.0,-0.0,-0.0,-0.0,-0.0,21409.783203125,13510.3271484375,45751.4765625,46048.4140625,45840.60546875,36191.09375,36404.51953125,-0.0,3.187699399147953e-14,-0.0,17.82733726501465,16.36287498474121,17.80124855041504,18.093894958496094,17.920106887817383,17.67620277404785,0.0,0.0,0.0,0.0,0.0,0.0,0.0,0.0,0.0,0.0,0.0,0.0,0.0,0.0,0.0,0.0,226.15533447265625,226.19715881347656,228.75738525390625,230.2420654296875,229.20301818847656,226.19715881347656,227.52825927734375,0.0,2.6825883388519287,0.0,400.0,400.0,400.0,400.0,400.0,400.0,200.0,200.0,228.59719848632812,213.3208770751953,224.1913299560547,277.6070556640625,237.6317901611328,200.0,150.0,0.0,0.0,0.0,0.0,0.0,0.0,0.0,10104.8193359375,5082.1611328125,14808.3330078125,14808.3330078125,14808.3330078125,11846.52734375,11846.6669921875,0.0,0.004639031831175089,0.0,0.0,0.0,0.0,0.0,0.0,0.0,1.9245395208034033e-12,2.9412094981751125e-10,1.7300425415173182e-12,1.7300425415173182e-12,1.7300425415173182e-12,0.13967376947402954,2.162553122686539e-12,0.5331960916519165,0.770871102809906,0.0,0.0,0.0,0.0,0.0,0.0,0.0,10104.8193359375,5082.1611328125,14808.3330078125,14808.3330078125,14808.3330078125,11846.6669921875,11846.6669921875,0.5331960916519165,0.7755101323127747,0.0,0.0,0.0,0.0,0.0,0.0,0.0,2285625.75,1149570.375,3363543.5,3374473.0,3367103.0,2679650.75,2683733.75,0.0,0.012840633280575275,0.0,5151.0087890625,4813.84716796875,5400.53759765625,5058.44384765625,5056.13720703125,4939.9140625,0.0,0.0,0.0,0.0,0.0,0.0,0.0,0.0,0.0,0.0,83305.1796875,1.443740963935852,83306.625,18903700.0,30419.888671875,1074.39453125,0.03686980903148651,1074.431396484375,245156.21875,105.6816635131836,228.18080139160156,3.4315646189497784e-05,319.1256408691406
2020-08-31 00:00:00,-0.0,-0.0,-0.0,-0.0,-0.0,-0.0,74.00224304199219,59.04126739501953,200.0,200.0,200.0,159.99794006347656,160.0,-0.0,9.502437795283388e-17,-0.0,-0.0,-0.0,-0.0,-0.0,-0.0,-0.0,0.0,0.0,0.0,0.0,0.0,0.0020562538411468267,0.0,0.014304847456514835,0.020444096997380257,-0.0,-0.0,-0.0,-0.0,-0.0,-0.0,-0.0,74.00224304199219,59.04126739501953,200.0,200.0,200.0,160.0,160.0,0.014304847456514835,0.020444096997380257,-0.0,-0.0,-0.0,-0.0,-0.0,-0.0,-0.0,16726.626953125,13354.966796875,45888.58203125,46296.2265625,46027.80078125,36191.08203125,36465.34375,-0.0,2.5749052501768e-16,-0.0,13.716004371643066,12.732301712036133,14.006206512451172,14.657687187194824,13.796011924743652,13.803739547729492,0.0,0.0,0.0,0.0,0.0,0.0,0.0,0.0,0.0,0.0,0.0,0.0,0.0,0.0,0.0,0.0,226.02865600585938,226.19715881347656,229.44290161132812,231.48114013671875,230.13900756835938,226.19715881347656,227.90838623046875,0.0,2.709731101989746,0.0,400.0,400.0,400.0,400.0,400.0,400.0,200.0,200.0,225.83978271484375,210.28268432617188,221.42185974121094,276.2636413574219,235.55618286132812,200.0,150.0,0.0,0.0,0.0,0.0,0.0,0.0,0.0,11359.7734375,6083.40234375,18200.0,18200.0,18200.0,14559.8251953125,14560.0,0.0,0.004639031831175089,0.0,0.0,0.0,0.0,0.0,0.0,0.0,1.9245395208034033e-12,2.9412094981751125e-10,1.7300425415173182e-12,1.7300425415173182e-12,1.7300425415173182e-12,0.17454440891742706,2.162553122686539e-12,0.7757824659347534,1.1175689697265625,0.0,0.0,0.0,0.0,0.0,0.0,0.0,11359.7734375,6083.40234375,18200.0,18200.0,18200.0,14560.0,14560.0,0.7757824659347534,1.1222079992294312,0.0,0.0,0.0,0.0,0.0,0.0,0.0,2569281.5,1376048.375,4141737.25,4159580.0,4147657.75,3293391.25,3302125.0,0.0,0.012840633280575275,0.0,5383.609375,5029.765625,5638.0595703125,5307.013671875,5290.09423828125,5174.00244140625,0.0,0.0,0.0,0.0,0.0,0.0,0.0,0.0,0.0,0.0,101163.0078125,2.0678958892822266,101165.0703125,22989822.0,31822.544921875,1053.04150390625,0.036805201321840286,1053.0782470703125,240950.625,82.71195220947266,228.81399536132812,3.495010969345458e-05,318.7716064453125
2020-09-14 02:00:00,-0.0,-0.0,-0.0,-0.0,-0.0,-0.0,63.172203063964844,58.47596740722656,199.99998474121094,200.00088500976562,200.00485229492188,159.99789428710938,160.0,-0.0,-0.0,-0.0,-0.0,-0.0,-0.0,-0.0,-0.0,-0.0,0.0,0.0,0.0,0.0,0.0,0.0021010253112763166,0.0,0.014259546995162964,0.020396055653691292,-0.0,-0.0,-0.0,-0.0,-0.0,-0.0,-0.0,63.172203063964844,58.47596740722656,199.99998474121094,200.00088500976562,200.00485229492188,160.0,160.0,0.014259546995162964,0.020396055653691292,-0.0,-0.0,-0.0,-0.0,-0.0,-0.0,-0.0,14269.2265625,13227.09765625,46020.18359375,46811.33984375,46477.4609375,36191.046875,36507.4296875,-0.0,2.507681365401218e-18,-0.0,11.5090913772583,10.447685241699219,11.623770713806152,12.535271644592285,11.175867080688477,11.226743698120117,0.0,0.0,0.0,0.0,0.0,0.0,0.0,0.0,0.0,0.0,0.0,0.0,0.0,0.0,0.0,0.0,225.8782501220703,226.19715881347656,230.10093688964844,234.0556640625,232.3816680908203,226.197021484375,228.1714324951172,0.0,0.0,0.0,400.0,400.0,400.0,400.0,400.0,400.0,200.0,200.0,223.4604949951172,199.14614868164062,211.5886993408203,275.1127014160156,233.8177947998047,200.0,150.0,0.0,0.0,0.0,0.0,0.0,0.0,0.0,12249.44921875,6906.93896484375,21016.666015625,21016.6796875,21016.734375,16813.12890625,16813.333984375,0.0,0.004639031831175089,0.0,0.0,0.0,0.0,0.0,0.0,0.0,1.9245395208034033e-12,2.9412094981751125e-10,1.7300425415173182e-12,1.7300425415173182e-12,1.7300425415173182e-12,0.20413385331630707,2.162553122686539e-12,0.9766044616699219,1.4048134088516235,0.0,0.0,0.0,0.0,0.0,0.0,0.0,12249.44921875,6906.93896484375,21016.666015625,21016.6796875,21016.734375,16813.333984375,16813.333984375,0.9766044616699219,1.4094524383544922,0.0,0.0,0.0,0.0,0.0,0.0,0.0,2770239.75,1562330.0,4789855.0,4818839.5,4802215.0,3803081.75,3816271.25,0.0,0.012840633280575275,0.0,5545.69580078125,5176.90380859375,5801.7607421875,5483.55224609375,5447.48779296875,5332.1123046875,0.0,0.0,0.0,0.0,0.0,0.0,0.0,0.0,0.0,0.0,115832.9375,2.5855517387390137,115835.5234375,26362832.0,32787.51171875,1041.6517333984375,0.03675662726163864,1041.6885986328125,239503.78125,68.5184326171875,229.92691040039062,3.528562228893861e-05,318.47772216796875
2020-09-30 00:00:00,-0.0,-0.0,-0.0,-0.0,-0.0,-0.0,55.349666595458984,57.84186935424805,200.0,200.0,200.0,159.9978485107422,160.0,-0.0,-0.0,3.146011067656218e-06,-0.0,-0.0,-0.0,-0.0,-0.0,-0.0,0.0,0.0,0.0,0.0,0.0,0.00215125922113657,0.0,0.014210178516805172,0.020344119518995285,0.026047011837363243,-0.0,-0.0,-0.0,-0.0,-0.0,-0.0,55.349666595458984,57.84186935424805,200.0,200.0,200.0,160.0,160.0,0.014210178516805172,0.020344119518995285,0.026050157845020294,-0.0,-0.0,-0.0,-0.0,-0.0,-0.0,12490.1806640625,13083.6669921875,46402.42578125,47326.95703125,46940.73046875,36190.64453125,36563.79296875,-0.0,2.1683911294682536e-20,0.0001739451545290649,9.595342636108398,8.439897537231445,9.669013977050781,10.589899063110352,9.376742362976074,9.469285011291504,0.0,0.0,0.0,0.0,0.0,0.0,0.0,0.0,0.0,0.0,0.0,0.0,0.0,0.0,0.0,0.0,225.6595458984375,226.19715881347656,232.0121307373047,236.63478088378906,234.7036590576172,226.194580078125,228.52371215820312,0.0,0.0,55.29069900512695,400.0,400.0,400.0,400.0,400.0,400.0,200.0,200.0,214.96142578125,189.53395080566406,202.9440460205078,273.816650390625,231.86117553710938,200.0,150.0,150.0,0.0,0.0,0.0,0.0,0.0,0.0,13130.4306640625,7827.5888671875,24200.0,24200.01171875,24200.068359375,19359.76171875,19360.0,0.0,0.004639031831175089,5.007400977774523e-05,0.0,0.0,0.0,0.0,0.0,0.0,1.9245395208034033e-12,2.9412094981751125e-10,1.7300425415173182e-12,1.7300425415173182e-12,1.7300425415173182e-12,0.238374724984169,2.162553122686539e-12,1.2027831077575684,1.7286239862442017,0.4145815968513489,0.0,0.0,0.0,0.0,0.0,0.0,13130.4306640625,7827.5888671875,24200.0,24200.01171875,24200.068359375,19360.0,19360.0,1.2027831077575684,1.7332630157470703,0.4146316647529602,0.0,0.0,0.0,0.0,0.0,0.0,2969041.75,1770578.375,5528427.0,5572127.0,5549355.0,4379116.0,4398245.0,0.0,0.012840633280575275,0.0027686269022524357,5698.421875,5311.2392578125,5955.6591796875,5652.10791015625,5596.734375,5482.83203125,0.0,0.0,0.0,0.0,0.0,0.0,0.0,0.0,0.0,0.0,132277.859375,3.5843634605407715,132281.453125,30166890.0,33696.99609375,1033.1893310546875,0.06275256723165512,1033.252197265625,238998.40625,57.14017868041992,231.3209991455078,6.073306576581672e-05,318.1460876464844
2020-10-31 00:00:00,-0.0,-0.0,-0.0,-0.0,-0.0,-0.0,46.39177703857422,56.62425231933594,200.0,200.0,199.99998474121094,159.99774169921875,160.0,-0.0,-0.0,1.091932144703378e-08,-0.0,-0.0,-0.0,-0.0,-0.0,-0.0,0.0,0.0,0.0,0.0,0.0,0.0022525740787386894,0.0,0.01412032451480627,0.020251011475920677,0.025594862177968025,-0.0,-0.0,-0.0,-0.0,-0.0,-0.0,46.39177703857422,56.62425231933594,200.0,200.0,199.99998474121094,160.0,160.0,0.01412032451480627,0.020251011475920677,0.02559487335383892,-0.0,-0.0,-0.0,-0.0,-0.0,-0.0,10441.6171875,12808.2451171875,47063.3046875,47906.6640625,47457.828125,36187.52734375,36682.90234375,-0.0,9.692311744094098e-23,6.037369075784227e-07,7.265851020812988,5.9288434982299805,7.85194206237793,8.004386901855469,7.138845443725586,7.183317184448242,0.0,0.0,0.0,0.0,0.0,0.0,0.0,0.0,0.0,0.0,0.0,0.0,0.0,0.0,0.0,0.0,225.07472229003906,226.19715881347656,235.31651306152344,239.53334045410156,237.28915405273438,226.1752471923828,229.26812744140625,0.0,0.0,55.29069900512695,400.0,400.0,400.0,400.0,400.0,400.0,200.0,200.0,200.94931030273438,176.50863647460938,191.18527221679688,271.2076110839844,228.07461547851562,200.0,150.0,150.0,0.0,0.0,0.0,0.0,0.0,0.0,14568.576171875,9582.9404296875,30400.0,30400.01171875,30400.068359375,24319.69140625,24320.0,0.0,0.004639031831175089,5.041250915382989e-05,0.0,0.0,0.0,0.0,0.0,0.0,1.9245395208034033e-12,2.9412094981751125e-10,1.7300425415173182e-12,1.7300425415173182e-12,1.7300425415173182e-12,0.3082045316696167,2.162553122686539e-12,1.6405131816864014,2.356405258178711,1.2080223560333252,0.0,0.0,0.0,0.0,0.0,0.0,14568.576171875,9582.9404296875,30400.0,30400.01171875,30400.068359375,24320.0,24320.0,1.6405131816864014,2.361044406890869,1.2080727815628052,0.0,0.0,0.0,0.0,0.0,0.0,3292732.0,2167634.0,6987389.5,7057233.5,7020548.0,5500929.5,5535415.0,0.0,0.012840633280575275,0.0027873427607119083,5923.6630859375,5495.033203125,6199.0693359375,5900.244140625,5818.03857421875,5705.5146484375,0.0,0.0,0.0,0.0,0.0,0.0,0.0,0.0,0.0,0.0,163991.296875,5.513145446777344,163996.8125,37561880.0,35041.5625,1023.0137939453125,0.06221877411007881,1023.0759887695312,238548.09375,43.37318420410156,233.18170166015625,6.081539686420001e-05,317.5006103515625
2020-11-30 00:00:00,-0.0,-0.0,-0.0,-0.0,-0.0,-0.0,40.038604736328125,55.46866989135742,200.0,200.0,200.0,159.99765014648438,160.0,-0.0,-0.0,4.011886309274182e-11,-0.0,-0.0,-0.0,-0.0,-0.0,-0.0,0.0,0.0,0.0,0.0,0.0,0.002350639086216688,0.0,0.014038732275366783,0.020167697221040726,0.025454722344875336,-0.0,-0.0,-0.0,-0.0,-0.0,-0.0,40.038604736328125,55.46866989135742,200.0,200.0,200.0,160.0,160.0,0.014038732275366783,0.020167697221040726,0.025454722344875336,-0.0,-0.0,-0.0,-0.0,-0.0,-0.0,8965.244140625,12546.85546875,47810.609375,48594.41796875,48226.66796875,36181.34765625,36768.8828125,-0.0,4.49651849963528e-25,2.2182000680714964e-09,6.131143093109131,4.75043249130249,6.948556900024414,6.25780725479126,6.019805431365967,5.704196929931641,0.0,0.0,0.0,0.0,0.0,0.0,0.0,0.0,0.0,0.0,0.0,0.0,0.0,0.0,0.0,0.0,223.91500854492188,226.19715881347656,239.05303955078125,242.9720916748047,241.1333465576172,226.13673400878906,229.80551147460938,0.0,0.0,55.29069900512695,400.0,400.0,400.0,400.0,400.0,400.0,200.0,200.0,184.48074340820312,159.0749053955078,173.59010314941406,268.6734313964844,224.47268676757812,200.0,150.0,150.0,0.0,0.0,0.0,0.0,0.0,0.0,15769.734375,11247.0009765625,36400.0,36400.01171875,36400.06640625,29119.62109375,29120.0,0.0,0.004639031831175089,5.0413713324815035e-05,0.0,0.0,0.0,0.0,0.0,0.0,1.9245395208034033e-12,2.9412094981751125e-10,1.7300425415173182e-12,1.7300425415173182e-12,1.7300425415173182e-12,0.378723680973053,2.162553122686539e-12,2.0616750717163086,2.9614362716674805,1.9716639518737793,0.0,0.0,0.0,0.0,0.0,0.0,15769.734375,11247.0009765625,36400.0,36400.01171875,36400.06640625,29120.0,29120.0,2.0616750717163086,2.9660751819610596,1.9717143774032593,0.0,0.0,0.0,0.0,0.0,0.0,3561689.25,2544039.75,8421708.0,8515066.0,8467348.0,6586370.0,6638481.5,0.0,0.012840633280575275,0.0027874093502759933,6107.59765625,5637.54638671875,6407.5263671875,6087.97802734375,5998.6328125,5876.640625,0.0,0.0,0.0,0.0,0.0,0.0,0.0,0.0,0.0,0.0,194456.4375,7.373498916625977,194463.8125,44734704.0,36115.921875,1015.5049438476562,0.06201178953051567,1015.5669555664062,239094.03125,35.81194305419922,235.44349670410156,6.106125510996208e-05,316.8759460449219
